fips,NAME,total_population,white_alone,non_white,pct_non_white
51001,"Accomack County, Virginia",33367,20860,12507,37.48314202655318
51003,"Albemarle County, Virginia",112513,88455,24058,21.382418031694115
51005,"Alleghany County, Virginia",15159,14000,1159,7.64562306220727
51007,"Amelia County, Virginia",13309,9928,3381,25.403862048238036
51009,"Amherst County, Virginia",31426,23551,7875,25.05886845287342
51011,"Appomattox County, Virginia",16253,12621,3632,22.34664369654833
51013,"Arlington County, Virginia",235845,153250,82595,35.02088235917658
51015,"Augusta County, Virginia",77433,70321,7112,9.18471452739788
51017,"Bath County, Virginia",4177,3909,268,6.416088101508259
51019,"Bedford County, Virginia",79761,69564,10197,12.78444352503103
51021,"Bland County, Virginia",6241,5831,410,6.5694600224323025
51023,"Botetourt County, Virginia",33734,31350,2384,7.067054010790301
51025,"Brunswick County, Virginia",15965,6596,9369,58.68462261196367
51027,"Buchanan County, Virginia",20246,19571,675,3.3339918996344955
51029,"Buckingham County, Virginia",16869,10348,6521,38.656707570098995
51031,"Campbell County, Virginia",55518,43776,11742,21.149897330595483
51033,"Caroline County, Virginia",31181,19919,11262,36.11814887271095
51035,"Carroll County, Virginia",29126,27572,1554,5.335439126553595
51036,"Charles City County, Virginia",6760,2998,3762,55.6508875739645
51037,"Charlotte County, Virginia",11563,8159,3404,29.43872697396869
51041,"Chesterfield County, Virginia",366019,226434,139585,38.13599840445441
51043,"Clarke County, Virginia",14882,13120,1762,11.839806477623975
51045,"Craig County, Virginia",4898,4638,260,5.308289097590854
51047,"Culpeper County, Virginia",52822,37713,15109,28.603612131308925
51049,"Cumberland County, Virginia",9697,6181,3516,36.25863669176034
51051,"Dickenson County, Virginia",14089,13769,320,2.2712754631272625
51053,"Dinwiddie County, Virginia",28057,18340,9717,34.63306839647859
51057,"Essex County, Virginia",10602,6068,4534,42.7655159403886
51059,"Fairfax County, Virginia",1145354,620521,524833,45.82277618971951
51061,"Fauquier County, Virginia",73290,60832,12458,16.998226224587256
51063,"Floyd County, Virginia",15532,14621,911,5.865310327066701
51065,"Fluvanna County, Virginia",27442,21205,6237,22.727935281685006
51067,"Franklin County, Virginia",54838,47963,6875,12.536926948466393
51069,"Frederick County, Virginia",92007,79098,12909,14.030454204571392
51071,"Giles County, Virginia",16711,15882,829,4.960804260666627
51073,"Gloucester County, Virginia",38875,32867,6008,15.454662379421222
51075,"Goochland County, Virginia",24906,19629,5277,21.18766562274151
51077,"Grayson County, Virginia",15356,13848,1508,9.820265694191194
51079,"Greene County, Virginia",20631,16664,3967,19.22834569337405
51081,"Greensville County, Virginia",11373,4136,7237,63.6331662709927
51083,"Halifax County, Virginia",34013,20595,13418,39.44962220327522
51085,"Hanover County, Virginia",110513,91983,18530,16.767258150624816
51087,"Henrico County, Virginia",333120,175515,157605,47.311779538904894
51089,"Henry County, Virginia",50760,35943,14817,29.190307328605204
51091,"Highland County, Virginia",2247,2120,127,5.651980418335559
51093,"Isle of Wight County, Virginia",38898,27388,11510,29.59021029358836
51095,"James City County, Virginia",78818,59872,18946,24.03765637290974
51097,"King and Queen County, Virginia",6681,4472,2209,33.06391258793594
51099,"King George County, Virginia",26985,19578,7407,27.448582545858812
51101,"King William County, Virginia",17845,14080,3765,21.098346875875595
51103,"Lancaster County, Virginia",10866,7304,3562,32.78115221792748
51105,"Lee County, Virginia",22287,20776,1511,6.779737066451294
51107,"Loudoun County, Virginia",420773,241853,178920,42.52173975041174
51109,"Louisa County, Virginia",38106,29805,8301,21.78397102818454
51111,"Lunenburg County, Virginia",11988,7022,4966,41.424758091424756
51113,"Madison County, Virginia",13828,11849,1979,14.311541799247903
51115,"Mathews County, Virginia",8537,7412,1125,13.177931357619773
51117,"Mecklenburg County, Virginia",30367,18941,11426,37.62637073138605
51119,"Middlesex County, Virginia",10738,8479,2259,21.037437139132052
51121,"Montgomery County, Virginia",99373,83364,16009,16.11000976120274
51125,"Nelson County, Virginia",14773,12160,2613,17.687673458336153
51127,"New Kent County, Virginia",23296,18464,4832,20.741758241758244
51131,"Northampton County, Virginia",12132,7078,5054,41.65842400263765
51133,"Northumberland County, Virginia",12007,8452,3555,29.60772882485217
51135,"Nottoway County, Virginia",15638,8770,6868,43.91865967515027
51137,"Orange County, Virginia",36593,28571,8022,21.922225562266007
51139,"Page County, Virginia",23753,22077,1676,7.055950827263925
51141,"Patrick County, Virginia",17660,16087,1573,8.907134767836919
51143,"Pittsylvania County, Virginia",60541,45165,15376,25.397664392725588
51145,"Powhatan County, Virginia",30503,26240,4263,13.97567452381733
51147,"Prince Edward County, Virginia",21922,13737,8185,37.33692181370313
51149,"Prince George County, Virginia",42634,23798,18836,44.180700849087586
51153,"Prince William County, Virginia",481114,241644,239470,49.774066021774466
51155,"Pulaski County, Virginia",33841,30908,2933,8.667001566147572
51157,"Rappahannock County, Virginia",7422,6479,943,12.70547022365939
51159,"Richmond County, Virginia",8968,5456,3512,39.1614629794826
51161,"Roanoke County, Virginia",96653,82697,13956,14.4392827951538
51163,"Rockbridge County, Virginia",22673,20712,1961,8.649053940810655
51165,"Rockingham County, Virginia",83905,75412,8493,10.12216196889339
51167,"Russell County, Virginia",25763,24849,914,3.547723479408454
51169,"Scott County, Virginia",21536,20899,637,2.9578380386329863
51171,"Shenandoah County, Virginia",44337,39293,5044,11.376502695265806
51173,"Smyth County, Virginia",29799,28396,1403,4.708211684955871
51175,"Southampton County, Virginia",18003,11114,6889,38.265844581458644
51177,"Spotsylvania County, Virginia",141097,96233,44864,31.796565483319984
51179,"Stafford County, Virginia",157606,94088,63518,40.30176516122483
51181,"Surry County, Virginia",6546,3622,2924,44.668499847234955
51183,"Sussex County, Virginia",10866,4528,6338,58.328731824038286
51185,"Tazewell County, Virginia",40392,37700,2692,6.664686076450782
51187,"Warren County, Virginia",40800,34568,6232,15.274509803921568
51191,"Washington County, Virginia",53985,51390,2595,4.806890803000834
51193,"Westmoreland County, Virginia",18480,11706,6774,36.65584415584416
51195,"Wise County, Virginia",36105,32896,3209,8.887965655726354
51197,"Wythe County, Virginia",28275,26557,1718,6.07603890362511
51199,"York County, Virginia",70238,49774,20464,29.13522594606908
51510,"Alexandria city, Virginia",157594,89304,68290,43.33286800258893
51520,"Bristol city, Virginia",17036,14892,2144,12.58511387649683
51530,"Buena Vista city, Virginia",6639,5771,868,13.074258171411357
51540,"Charlottesville city, Virginia",46289,31716,14573,31.482641664326298
51550,"Chesapeake city, Virginia",249377,142840,106537,42.721261383367356
51570,"Colonial Heights city, Virginia",18158,13079,5079,27.97114219627712
51580,"Covington city, Virginia",5722,4672,1050,18.350227193289058
51590,"Danville city, Virginia",42507,17842,24665,58.02573693744559
51595,"Emporia city, Virginia",5680,1400,4280,75.35211267605634
51600,"Fairfax city, Virginia",24242,14452,9790,40.38445672799274
51610,"Falls Church city, Virginia",14576,10567,4009,27.50411635565313
51620,"Franklin city, Virginia",8194,3148,5046,61.58164510617525
51630,"Fredericksburg city, Virginia",28258,16923,11335,40.11253450350343
51640,"Galax city, Virginia",6687,5153,1534,22.94003289965605
51650,"Hampton city, Virginia",137217,53076,84141,61.31966155797022
51660,"Harrisonburg city, Virginia",51784,36781,15003,28.972269426849994
51670,"Hopewell city, Virginia",23046,10612,12434,53.95296363794151
51678,"Lexington city, Virginia",7346,6136,1210,16.471549142390415
51680,"Lynchburg city, Virginia",79166,49660,29506,37.271050703584876
51683,"Manassas city, Virginia",42620,22653,19967,46.84889723134679
51685,"Manassas Park city, Virginia",17123,7774,9349,54.59907726449804
51690,"Martinsville city, Virginia",13539,6039,7500,55.39552404165743
51700,"Newport News city, Virginia",185118,81623,103495,55.90758327121079
51710,"Norfolk city, Virginia",236973,106209,130764,55.180969983922225
51720,"Norton city, Virginia",3668,3462,206,5.616139585605234
51730,"Petersburg city, Virginia",33261,5532,27729,83.36790836114368
51735,"Poquoson city, Virginia",12479,11544,935,7.492587547079093
51740,"Portsmouth city, Virginia",97384,36682,60702,62.33262137517457
51750,"Radford city, Virginia",16379,13804,2575,15.721350509799134
51760,"Richmond city, Virginia",227171,101368,125803,55.37810724080098
51770,"Roanoke city, Virginia",99213,58589,40624,40.94624696360356
51775,"Salem city, Virginia",25372,21591,3781,14.902254453728519
51790,"Staunton city, Virginia",25581,20917,4664,18.232281771627378
51800,"Suffolk city, Virginia",94856,46146,48710,51.351522307497675
51810,"Virginia Beach city, Virginia",457900,287415,170485,37.23192836863944
51820,"Waynesboro city, Virginia",22341,17060,5281,23.63815406651448
51830,"Williamsburg city, Virginia",15486,10718,4768,30.78909983210642
51840,"Winchester city, Virginia",28103,20481,7622,27.12165960929438
42001,"Adams County, Pennsylvania",104604,95750,8854,8.464303468318612
42003,"Allegheny County, Pennsylvania",1245310,969070,276240,22.18242847162554
42005,"Armstrong County, Pennsylvania",65538,63113,2425,3.7001434282401044
42007,"Beaver County, Pennsylvania",167629,148540,19089,11.387647722052867
42009,"Bedford County, Pennsylvania",47613,45949,1664,3.494843845168336
42011,"Berks County, Pennsylvania",428483,322910,105573,24.638783802391227
42013,"Blair County, Pennsylvania",122640,115276,7364,6.004566210045662
42015,"Bradford County, Pennsylvania",60159,57419,2740,4.554596984657325
42017,"Bucks County, Pennsylvania",645163,540421,104742,16.23496697733751
42019,"Butler County, Pennsylvania",194562,183767,10795,5.548359905839783
42021,"Cambria County, Pennsylvania",133263,122895,10368,7.780104004862565
42023,"Cameron County, Pennsylvania",4536,4311,225,4.9603174603174605
42025,"Carbon County, Pennsylvania",65018,59656,5362,8.246946999292504
42027,"Centre County, Pennsylvania",158665,136130,22535,14.202880282355906
42029,"Chester County, Pennsylvania",536474,431632,104842,19.54279238136424
42031,"Clarion County, Pennsylvania",37489,35716,1773,4.729387286937501
42033,"Clearfield County, Pennsylvania",79707,74333,5374,6.742193282898616
42035,"Clinton County, Pennsylvania",37860,35945,1915,5.0581088219757
42037,"Columbia County, Pennsylvania",64924,60451,4473,6.8895939868153535
42039,"Crawford County, Pennsylvania",83876,78993,4883,5.821689160188851
42041,"Cumberland County, Pennsylvania",261269,221159,40110,15.351993539225855
42043,"Dauphin County, Pennsylvania",286108,190327,95781,33.47721839305437
42045,"Delaware County, Pennsylvania",575312,378134,197178,34.2732291347999
42047,"Elk County, Pennsylvania",30886,29653,1233,3.9920999805737227
42049,"Erie County, Pennsylvania",270495,227590,42905,15.861661028854506
42051,"Fayette County, Pennsylvania",128417,116188,12229,9.52288248440627
42053,"Forest County, Pennsylvania",6959,4982,1977,28.409254203190116
42055,"Franklin County, Pennsylvania",156084,139482,16602,10.636580302913815
42057,"Fulton County, Pennsylvania",14545,13782,763,5.245788930904091
42059,"Greene County, Pennsylvania",35781,33087,2694,7.529135574746373
42061,"Huntingdon County, Pennsylvania",44123,39949,4174,9.459918863177935
42063,"Indiana County, Pennsylvania",83394,77644,5750,6.894980454229321
42065,"Jefferson County, Pennsylvania",44326,42916,1410,3.1809773045165364
42067,"Juniata County, Pennsylvania",23535,22155,1380,5.863607393244105
42069,"Lackawanna County, Pennsylvania",215672,183886,31786,14.738120850179904
42071,"Lancaster County, Pennsylvania",553202,466989,86213,15.584361589437492
42073,"Lawrence County, Pennsylvania",85907,78443,7464,8.688465433550235
42075,"Lebanon County, Pennsylvania",143258,119157,24101,16.823493277862315
42077,"Lehigh County, Pennsylvania",374110,259995,114115,30.503060597150572
42079,"Luzerne County, Pennsylvania",325396,262196,63200,19.42248829118981
42081,"Lycoming County, Pennsylvania",114022,102334,11688,10.250653382680536
42083,"McKean County, Pennsylvania",40459,38007,2452,6.060456264366396
42085,"Mercer County, Pennsylvania",110600,98886,11714,10.59132007233273
42087,"Mifflin County, Pennsylvania",46146,43747,2399,5.198717115242925
42089,"Monroe County, Pennsylvania",168128,116728,51400,30.571945184621242
42091,"Montgomery County, Pennsylvania",856399,650218,206181,24.075343385501384
42093,"Montour County, Pennsylvania",18165,16602,1563,8.604459124690338
42095,"Northampton County, Pennsylvania",314299,248000,66299,21.09424465238515
42097,"Northumberland County, Pennsylvania",91340,84070,7270,7.959273045763084
42099,"Perry County, Pennsylvania",45941,43702,2239,4.873642280316058
42101,"Philadelphia County, Pennsylvania",1593208,590860,1002348,62.913819162344154
42103,"Pike County, Pennsylvania",58996,48549,10447,17.707980202047597
42105,"Potter County, Pennsylvania",16390,15784,606,3.6973764490543015
42107,"Schuylkill County, Pennsylvania",143201,130117,13084,9.136807703856817
42109,"Snyder County, Pennsylvania",39797,37992,1805,4.535517752594417
42111,"Somerset County, Pennsylvania",73802,69865,3937,5.334543779301374
42113,"Sullivan County, Pennsylvania",5880,5544,336,5.714285714285714
42115,"Susquehanna County, Pennsylvania",38540,37134,1406,3.6481577581733267
42117,"Tioga County, Pennsylvania",41186,39649,1537,3.7318506288544646
42119,"Union County, Pennsylvania",42908,38101,4807,11.203039060315092
42121,"Venango County, Pennsylvania",50475,47943,2532,5.016344725111441
42123,"Warren County, Pennsylvania",38492,36672,1820,4.728255221864283
42125,"Washington County, Pennsylvania",209631,191587,18044,8.607505569309883
42127,"Wayne County, Pennsylvania",51227,46747,4480,8.745388174205008
42129,"Westmoreland County, Pennsylvania",354414,329734,24680,6.96360753243382
42131,"Wyoming County, Pennsylvania",26219,24939,1280,4.881955833555819
42133,"York County, Pennsylvania",457051,386877,70174,15.35364762356936
24001,"Allegany County, Maryland",68161,59828,8333,12.225466175672304
24003,"Anne Arundel County, Maryland",588109,396379,191730,32.60109945605321
24005,"Baltimore County, Maryland",850737,475191,375546,44.143607248773705
24009,"Calvert County, Maryland",93244,72722,20522,22.008922826133585
24011,"Caroline County, Maryland",33320,25025,8295,24.89495798319328
24013,"Carroll County, Maryland",173225,153236,19989,11.53932746428056
24015,"Cecil County, Maryland",103876,87741,16135,15.532943124494588
24017,"Charles County, Maryland",167035,62876,104159,62.357589726703985
24019,"Dorchester County, Maryland",32557,20381,12176,37.39902325152809
24021,"Frederick County, Maryland",273829,202183,71646,26.164504124837034
24023,"Garrett County, Maryland",28856,27696,1160,4.019961186581647
24025,"Harford County, Maryland",261059,196583,64476,24.697865233529583
24027,"Howard County, Maryland",332011,168563,163448,49.229694196879024
24029,"Kent County, Maryland",19289,15082,4207,21.81035823526362
24031,"Montgomery County, Maryland",1056910,492918,563992,53.3623487335724
24033,"Prince George's County, Maryland",957189,133154,824035,86.08905869164815
24035,"Queen Anne's County, Maryland",50316,42958,7358,14.623578980841085
24037,"St. Mary's County, Maryland",113814,83764,30050,26.402727256752247
24039,"Somerset County, Maryland",24672,13043,11629,47.13440337224384
24041,"Talbot County, Maryland",37663,29600,8063,21.408278681995593
24043,"Washington County, Maryland",154645,121671,32974,21.322383523553945
24045,"Wicomico County, Maryland",103815,64951,38864,37.43582333959447
24047,"Worcester County, Maryland",52827,42548,10279,19.457852991841293
24510,"Baltimore city, Maryland",584548,166154,418394,71.57564477168684
10001,"Kent County, Delaware",182400,112081,70319,38.55208333333333
10003,"New Castle County, Delaware",570567,334333,236234,41.403375940073644
10005,"Sussex County, Delaware",240668,187830,52838,21.954726012598268
54001,"Barbour County, West Virginia",15527,14313,1214,7.818638500676241
54003,"Berkeley County, West Virginia",123283,103566,19717,15.993283745528581
54005,"Boone County, West Virginia",21705,21119,586,2.699838746832527
54007,"Braxton County, West Virginia",12505,11186,1319,10.547780887644942
54009,"Brooke County, West Virginia",22349,21090,1259,5.633361671663161
54011,"Cabell County, West Virginia",93965,84632,9333,9.932421646357687
54013,"Calhoun County, West Virginia",6279,6027,252,4.013377926421405
54015,"Clay County, West Virginia",8049,7808,241,2.9941607653124613
54017,"Doddridge County, West Virginia",7847,7448,399,5.084745762711865
54019,"Fayette County, West Virginia",40545,37483,3062,7.552102602047109
54021,"Gilmer County, West Virginia",7444,6041,1403,18.84739387426115
54023,"Grant County, West Virginia",11034,10574,460,4.168932390792097
54025,"Greenbrier County, West Virginia",32995,30687,2308,6.994999242309441
54027,"Hampshire County, West Virginia",23275,22240,1035,4.446831364124598
54029,"Hancock County, West Virginia",28907,27022,1885,6.520911889853669
54031,"Hardy County, West Virginia",14249,12983,1266,8.884834023440241
54033,"Harrison County, West Virginia",65862,61644,4218,6.4042998997904705
54035,"Jackson County, West Virginia",27868,26933,935,3.35510262666858
54037,"Jefferson County, West Virginia",58043,48626,9417,16.224178626190927
54039,"Kanawha County, West Virginia",179895,157101,22794,12.670724589343784
54041,"Lewis County, West Virginia",16920,15733,1187,7.015366430260047
54043,"Lincoln County, West Virginia",20410,19934,476,2.33219010289074
54045,"Logan County, West Virginia",32350,30913,1437,4.442040185471406
54047,"McDowell County, West Virginia",18911,15509,3402,17.989529903230924
54049,"Marion County, West Virginia",56194,51915,4279,7.614691959995729
54051,"Marshall County, West Virginia",30509,28905,1604,5.257465010324823
54053,"Mason County, West Virginia",25488,24561,927,3.637005649717514
54055,"Mercer County, West Virginia",59530,53371,6159,10.346044011422812
54057,"Mineral County, West Virginia",26957,25202,1755,6.510368364432244
54059,"Mingo County, West Virginia",23466,22462,1004,4.278530640075002
54061,"Monongalia County, West Virginia",105988,93518,12470,11.765482884854888
54063,"Monroe County, West Virginia",12438,11963,475,3.8189419520823282
54065,"Morgan County, West Virginia",17237,16289,948,5.499796948424899
54067,"Nicholas County, West Virginia",24624,23817,807,3.2772904483430803
54069,"Ohio County, West Virginia",42224,38595,3629,8.59463812050019
54071,"Pendleton County, West Virginia",6156,5839,317,5.1494476933073425
54073,"Pleasants County, West Virginia",7622,7273,349,4.57885069535555
54075,"Pocahontas County, West Virginia",7940,7547,393,4.949622166246851
54077,"Preston County, West Virginia",34206,30848,3358,9.816991171139566
54079,"Putnam County, West Virginia",57347,54480,2867,4.999389680366889
54081,"Raleigh County, West Virginia",74303,65247,9056,12.187933192468675
54083,"Randolph County, West Virginia",28005,25630,2375,8.480628459203714
54085,"Ritchie County, West Virginia",8507,8252,255,2.9975314446926062
54087,"Roane County, West Virginia",14027,13529,498,3.5502958579881656
54089,"Summers County, West Virginia",11985,11190,795,6.633291614518148
54091,"Taylor County, West Virginia",16602,15954,648,3.9031441994940366
54093,"Tucker County, West Virginia",6747,6555,192,2.845709204090707
54095,"Tyler County, West Virginia",8336,8046,290,3.478886756238004
54097,"Upshur County, West Virginia",23875,22579,1296,5.428272251308901
54099,"Wayne County, West Virginia",38933,37494,1439,3.696093288469936
54101,"Webster County, West Virginia",8362,7779,583,6.972016264051663
54103,"Wetzel County, West Virginia",14431,13944,487,3.374679509389509
54105,"Wirt County, West Virginia",5202,5016,186,3.575547866205306
54107,"Wood County, West Virginia",84272,80313,3959,4.697883045376875
54109,"Wyoming County, West Virginia",21237,20617,620,2.9194330649338416
21001,"Adair County, Kentucky",18887,17444,1443,7.6401757822841105
21003,"Allen County, Kentucky",20773,19906,867,4.173686997544889
21005,"Anderson County, Kentucky",23839,22366,1473,6.178950459331348
21007,"Ballard County, Kentucky",7742,7162,580,7.491604236631362
21009,"Barren County, Kentucky",44511,39938,4573,10.273864887331221
21011,"Bath County, Kentucky",12739,12170,569,4.466598634115708
21013,"Bell County, Kentucky",24248,22897,1351,5.571593533487298
21015,"Boone County, Kentucky",136150,119240,16910,12.420124862284245
21017,"Bourbon County, Kentucky",20228,17459,2769,13.688946015424165
21019,"Boyd County, Kentucky",48242,44883,3359,6.962812487044484
21021,"Boyle County, Kentucky",30613,26221,4392,14.346846111129258
21023,"Bracken County, Kentucky",8420,8090,330,3.9192399049881232
21025,"Breathitt County, Kentucky",13580,13058,522,3.8438880706921945
21027,"Breckinridge County, Kentucky",20528,19435,1093,5.324434918160561
21029,"Bullitt County, Kentucky",82482,76665,5817,7.05244780679421
21031,"Butler County, Kentucky",12365,11869,496,4.011322280630813
21033,"Caldwell County, Kentucky",12635,11418,1217,9.631974673525919
21035,"Calloway County, Kentucky",37345,33622,3723,9.969206051680278
21037,"Campbell County, Kentucky",93122,85964,7158,7.686690577951505
21039,"Carlisle County, Kentucky",4782,4481,301,6.2944374738603095
21041,"Carroll County, Kentucky",10842,9557,1285,11.852056816085593
21043,"Carter County, Kentucky",26671,25518,1153,4.323047504780473
21045,"Casey County, Kentucky",15942,15228,714,4.478735415882575
21047,"Christian County, Kentucky",72766,49743,23023,31.639776818843966
21049,"Clark County, Kentucky",36897,33626,3271,8.86521939453072
21051,"Clay County, Kentucky",20322,18736,1586,7.804349965554572
21053,"Clinton County, Kentucky",9295,8828,467,5.024206562668101
21055,"Crittenden County, Kentucky",8979,8596,383,4.265508408508743
21057,"Cumberland County, Kentucky",5974,5562,412,6.896551724137931
21059,"Daviess County, Kentucky",102916,90247,12669,12.310039255315013
21061,"Edmonson County, Kentucky",12179,11621,558,4.581656950488546
21063,"Elliott County, Kentucky",7378,7080,298,4.039034968826241
21065,"Estill County, Kentucky",14138,13599,539,3.8124204272174285
21067,"Fayette County, Kentucky",321276,230704,90572,28.191337043538887
21069,"Fleming County, Kentucky",15111,14385,726,4.804447091522731
21071,"Floyd County, Kentucky",35780,34503,1277,3.569032979318055
21073,"Franklin County, Kentucky",51475,42223,9252,17.97377367654201
21075,"Fulton County, Kentucky",6480,4601,1879,28.996913580246915
21077,"Gallatin County, Kentucky",8720,7700,1020,11.697247706422019
21079,"Garrard County, Kentucky",17175,15937,1238,7.208151382823871
21081,"Grant County, Kentucky",25085,23283,1802,7.183575842136736
21083,"Graves County, Kentucky",36701,31928,4773,13.005095229012834
21085,"Grayson County, Kentucky",26465,25305,1160,4.383147553372379
21087,"Green County, Kentucky",11198,10610,588,5.250937667440614
21089,"Greenup County, Kentucky",35853,34321,1532,4.273003653808607
21091,"Hancock County, Kentucky",9058,8617,441,4.868624420401855
21093,"Hardin County, Kentucky",111005,85855,25150,22.65663708841944
21095,"Harlan County, Kentucky",26589,25163,1426,5.363120087254128
21097,"Harrison County, Kentucky",18803,17703,1100,5.850130298356645
21099,"Hart County, Kentucky",19345,17700,1645,8.503489273714138
21101,"Henderson County, Kentucky",44770,38740,6030,13.468840741568014
21103,"Henry County, Kentucky",15731,14354,1377,8.753416820291145
21105,"Hickman County, Kentucky",4491,3879,612,13.627254509018035
21107,"Hopkins County, Kentucky",45223,40079,5144,11.374742940539107
21109,"Jackson County, Kentucky",13002,12662,340,2.6149823104137826
21111,"Jefferson County, Kentucky",779232,526215,253017,32.47004743131699
21113,"Jessamine County, Kentucky",53381,47599,5782,10.831569284951573
21115,"Johnson County, Kentucky",22631,21837,794,3.508461844372763
21117,"Kenton County, Kentucky",169066,149427,19639,11.616173565353176
21119,"Knott County, Kentucky",14282,13800,482,3.3748774681417166
21121,"Knox County, Kentucky",30207,28973,1234,4.085145827126163
21123,"Larue County, Kentucky",14902,13644,1258,8.441819889947658
21125,"Laurel County, Kentucky",62442,60151,2291,3.6690048364882615
21127,"Lawrence County, Kentucky",16228,15871,357,2.1999014049790486
21129,"Lee County, Kentucky",7338,6901,437,5.955301171981466
21131,"Leslie County, Kentucky",10468,10164,304,2.904088651127245
21133,"Letcher County, Kentucky",21490,20950,540,2.5127966496044674
21135,"Lewis County, Kentucky",13063,12683,380,2.908979560590982
21137,"Lincoln County, Kentucky",24320,22818,1502,6.175986842105264
21139,"Livingston County, Kentucky",8980,8620,360,4.008908685968819
21141,"Logan County, Kentucky",27498,24789,2709,9.851625572768928
21143,"Lyon County, Kentucky",8721,7856,865,9.918587317968123
21145,"McCracken County, Kentucky",67573,56261,11312,16.740414070708713
21147,"McCreary County, Kentucky",16892,15247,1645,9.738337674638881
21149,"McLean County, Kentucky",9173,8802,371,4.044478360405538
21151,"Madison County, Kentucky",92955,83656,9299,10.003765262761553
21153,"Magoffin County, Kentucky",11647,11404,243,2.0863741736069374
21155,"Marion County, Kentucky",19627,17460,2167,11.040913027971671
21157,"Marshall County, Kentucky",31706,30654,1052,3.3179839777960005
21159,"Martin County, Kentucky",11298,10071,1227,10.86032926181625
21161,"Mason County, Kentucky",17068,15028,2040,11.952191235059761
21163,"Meade County, Kentucky",29964,27188,2776,9.264450674142303
21165,"Menifee County, Kentucky",6174,6076,98,1.5873015873015872
21167,"Mercer County, Kentucky",22662,20811,1851,8.16785808842997
21169,"Metcalfe County, Kentucky",10313,9800,513,4.974304276156308
21171,"Monroe County, Kentucky",11331,10718,613,5.409937340040597
21173,"Montgomery County, Kentucky",28188,26276,1912,6.783028238966936
21175,"Morgan County, Kentucky",13840,12764,1076,7.77456647398844
21177,"Muhlenberg County, Kentucky",30735,28586,2149,6.9920286318529365
21179,"Nelson County, Kentucky",46779,42608,4171,8.916394108467475
21181,"Nicholas County, Kentucky",7613,7295,318,4.17706554577696
21183,"Ohio County, Kentucky",23782,22431,1351,5.680766966613405
21185,"Oldham County, Kentucky",67997,60436,7561,11.119608218009617
21187,"Owen County, Kentucky",11229,10588,641,5.708433520349096
21189,"Owsley County, Kentucky",4054,3705,349,8.60878145041934
21191,"Pendleton County, Kentucky",14638,13798,840,5.738488864598989
21193,"Perry County, Kentucky",28136,26590,1546,5.494739835086722
21195,"Pike County, Kentucky",58196,55991,2205,3.788920200701079
21197,"Powell County, Kentucky",13089,12389,700,5.348002139200856
21199,"Pulaski County, Kentucky",65145,62178,2967,4.554455445544554
21201,"Robertson County, Kentucky",2207,2163,44,1.9936565473493428
21203,"Rockcastle County, Kentucky",16171,15742,429,2.6528971615855546
21205,"Rowan County, Kentucky",24551,23425,1126,4.586371227241253
21207,"Russell County, Kentucky",18021,16876,1145,6.353698462904389
21209,"Scott County, Kentucky",57286,49806,7480,13.057291484830499
21211,"Shelby County, Kentucky",48105,39988,8117,16.87350587257042
21213,"Simpson County, Kentucky",19574,16639,2935,14.994380300398488
21215,"Spencer County, Kentucky",19549,18612,937,4.793084045219705
21217,"Taylor County, Kentucky",26056,23781,2275,8.731194350629414
21219,"Todd County, Kentucky",12281,10560,1721,14.013516814591645
21221,"Trigg County, Kentucky",14154,12457,1697,11.989543591917478
21223,"Trimble County, Kentucky",8510,7966,544,6.392479435957697
21225,"Union County, Kentucky",13495,11941,1554,11.515376065209338
21227,"Warren County, Kentucky",135307,107134,28173,20.82153916648806
21229,"Washington County, Kentucky",12025,10603,1422,11.825363825363826
21231,"Wayne County, Kentucky",19666,18280,1386,7.0476965320858325
21233,"Webster County, Kentucky",12951,11643,1308,10.099606208014825
21235,"Whitley County, Kentucky",36648,35222,1426,3.8910718183802664
21237,"Wolfe County, Kentucky",6573,6474,99,1.5061615700593338
21239,"Woodford County, Kentucky",26886,24095,2791,10.380867365915346
47001,"Anderson County, Tennessee",77337,68460,8877,11.478335078940223
47003,"Bedford County, Tennessee",50533,41327,9206,18.21779827043714
47005,"Benton County, Tennessee",15933,14836,1097,6.885081277851
47007,"Bledsoe County, Tennessee",14816,13226,1590,10.731641468682506
47009,"Blount County, Tennessee",135951,124296,11655,8.57294172164971
47011,"Bradley County, Tennessee",108859,94075,14784,13.58087066756079
47013,"Campbell County, Tennessee",39397,37935,1462,3.710942457547529
47015,"Cannon County, Tennessee",14481,13670,811,5.600441958428285
47017,"Carroll County, Tennessee",28381,24378,4003,14.104506536062859
47019,"Carter County, Tennessee",56315,53105,3210,5.700079907662257
47021,"Cheatham County, Tennessee",41184,37902,3282,7.9691142191142195
47023,"Chester County, Tennessee",17392,14988,2404,13.822447102115914
47025,"Claiborne County, Tennessee",32092,30497,1595,4.970086002742116
47027,"Clay County, Tennessee",7592,7154,438,5.769230769230769
47029,"Cocke County, Tennessee",36186,34045,2141,5.9166528491681865
47031,"Coffee County, Tennessee",58080,51466,6614,11.387741046831955
47033,"Crockett County, Tennessee",13955,10419,3536,25.33858831959871
47035,"Cumberland County, Tennessee",61552,58492,3060,4.9714062906160645
47037,"Davidson County, Tennessee",709786,423888,285898,40.27946451465653
47039,"Decatur County, Tennessee",11483,10560,923,8.03796917181921
47041,"DeKalb County, Tennessee",20209,18366,1843,9.119699143945766
47043,"Dickson County, Tennessee",54563,49230,5333,9.774022689368254
47045,"Dyer County, Tennessee",36818,29118,7700,20.913683524363083
47047,"Fayette County, Tennessee",42228,28419,13809,32.70105143506678
47049,"Fentress County, Tennessee",18642,17874,768,4.119729642742195
47051,"Franklin County, Tennessee",42980,38296,4684,10.898092135877151
47053,"Gibson County, Tennessee",50455,38755,11700,23.188980279456942
47055,"Giles County, Tennessee",30317,25589,4728,15.595210607909754
47057,"Grainger County, Tennessee",23648,22665,983,4.156799729364005
47059,"Greene County, Tennessee",70399,65527,4872,6.920552848762056
47061,"Grundy County, Tennessee",13550,12920,630,4.649446494464945
47063,"Hamblen County, Tennessee",64531,55250,9281,14.382234894856735
47065,"Hamilton County, Tennessee",367193,266269,100924,27.48527341207485
47067,"Hancock County, Tennessee",6726,6507,219,3.2560214094558426
47069,"Hardeman County, Tennessee",25519,13918,11601,45.460245307418
47071,"Hardin County, Tennessee",26824,25027,1797,6.699224575007456
47073,"Hawkins County, Tennessee",57107,54099,3008,5.267305234034357
47075,"Haywood County, Tennessee",17806,7883,9923,55.72840615522857
47077,"Henderson County, Tennessee",27845,24584,3261,11.711258753815766
47079,"Henry County, Tennessee",32305,28304,4001,12.38507970902337
47081,"Hickman County, Tennessee",24996,22741,2255,9.02144343094895
47083,"Houston County, Tennessee",8253,7728,525,6.361323155216285
47085,"Humphreys County, Tennessee",19032,17358,1674,8.795712484237074
47087,"Jackson County, Tennessee",11730,10982,748,6.3768115942028984
47089,"Jefferson County, Tennessee",55017,51100,3917,7.119617572750241
47091,"Johnson County, Tennessee",17982,16459,1523,8.469580691802914
47093,"Knox County, Tennessee",481406,399172,82234,17.08204717016406
47095,"Lake County, Tennessee",6898,4561,2337,33.87938532908089
47097,"Lauderdale County, Tennessee",25171,15132,10039,39.88319891939136
47099,"Lawrence County, Tennessee",44377,41505,2872,6.471820988349821
47101,"Lewis County, Tennessee",12637,11816,821,6.496795125425338
47103,"Lincoln County, Tennessee",35365,30655,4710,13.318252509543335
47105,"Loudon County, Tennessee",55507,49891,5616,10.117642819824527
47107,"McMinn County, Tennessee",53532,48210,5322,9.941717103788388
47109,"McNairy County, Tennessee",25895,23515,2380,9.19096350646843
47111,"Macon County, Tennessee",25365,23262,2103,8.290952099349497
47113,"Madison County, Tennessee",98644,55026,43618,44.21759052755363
47115,"Marion County, Tennessee",28852,26560,2292,7.9439900180230145
47117,"Marshall County, Tennessee",34567,30960,3607,10.434807764631007
47119,"Maury County, Tennessee",102002,82838,19164,18.7878669045705
47121,"Meigs County, Tennessee",12839,11708,1131,8.80909728171976
47123,"Monroe County, Tennessee",46489,41740,4749,10.215319753059864
47125,"Montgomery County, Tennessee",222305,145652,76653,34.481005825330065
47127,"Moore County, Tennessee",6558,6065,493,7.517535834095761
47129,"Morgan County, Tennessee",21124,19222,1902,9.003976519598561
47131,"Obion County, Tennessee",30670,25083,5587,18.21649820671666
47133,"Overton County, Tennessee",22576,21731,845,3.742912827781715
47135,"Perry County, Tennessee",8432,7700,732,8.681214421252372
47137,"Pickett County, Tennessee",5042,4832,210,4.165013883379611
47139,"Polk County, Tennessee",17620,16164,1456,8.263337116912599
47141,"Putnam County, Tennessee",80157,71995,8162,10.182516810758885
47143,"Rhea County, Tennessee",33031,29883,3148,9.530441100784111
47145,"Roane County, Tennessee",53777,49424,4353,8.09453855737583
47147,"Robertson County, Tennessee",73297,61202,12095,16.501357490756785
47149,"Rutherford County, Tennessee",343727,244580,99147,28.84469360859054
47151,"Scott County, Tennessee",21917,21243,674,3.075238399415978
47153,"Sequatchie County, Tennessee",16065,15155,910,5.664488017429194
47155,"Sevier County, Tennessee",98455,89260,9195,9.339292062363516
47157,"Shelby County, Tennessee",926440,339650,586790,63.3381546565347
47159,"Smith County, Tennessee",20034,18259,1775,8.859938105221124
47161,"Stewart County, Tennessee",13724,12689,1035,7.541533080734479
47163,"Sullivan County, Tennessee",158722,147979,10743,6.768437897707942
47165,"Sumner County, Tennessee",196845,162426,34419,17.485331098072088
47167,"Tipton County, Tennessee",61116,46532,14584,23.86281824726749
47169,"Trousdale County, Tennessee",11596,9524,2072,17.86823042428424
47171,"Unicoi County, Tennessee",17845,16788,1057,5.923227794900533
47173,"Union County, Tennessee",19860,18994,866,4.360523665659617
47175,"Van Buren County, Tennessee",6182,5882,300,4.852798447104497
47177,"Warren County, Tennessee",41163,35577,5586,13.570439472341667
47179,"Washington County, Tennessee",133282,118530,14752,11.068261280593028
47181,"Wayne County, Tennessee",16325,14645,1680,10.290964777947933
47183,"Weakley County, Tennessee",32946,28807,4139,12.562981849086382
47185,"White County, Tennessee",27420,25788,1632,5.951859956236324
47187,"Williamson County, Tennessee",248897,210242,38655,15.530520657139299
47189,"Wilson County, Tennessee",149096,124995,24101,16.164752910876214
37001,"Alamance County, North Carolina",171779,112619,59160,34.439599718242626
37003,"Alexander County, North Carolina",36505,32093,4412,12.086015614299411
37005,"Alleghany County, North Carolina",10989,10270,719,6.542906542906543
37007,"Anson County, North Carolina",22200,10218,11982,53.972972972972975
37009,"Ashe County, North Carolina",26759,25585,1174,4.387308942785604
37011,"Avery County, North Carolina",17679,15773,1906,10.781152780134622
37013,"Beaufort County, North Carolina",44711,31510,13201,29.525172776274296
37015,"Bertie County, North Carolina",17818,6188,11630,65.27107419463464
37017,"Bladen County, North Carolina",29807,16874,12933,43.38913677995102
37019,"Brunswick County, North Carolina",139721,116031,23690,16.95521789852635
37021,"Buncombe County, North Carolina",269449,229554,39895,14.806141421938845
37023,"Burke County, North Carolina",87799,72967,14832,16.893130901263113
37025,"Cabarrus County, North Carolina",226396,146679,79717,35.21131115390732
37027,"Caldwell County, North Carolina",80716,70428,10288,12.745923980375636
37029,"Camden County, North Carolina",10547,8558,1989,18.858443159192188
37031,"Carteret County, North Carolina",68353,60190,8163,11.942416572791245
37033,"Caswell County, North Carolina",22747,13719,9028,39.688750164856906
37035,"Catawba County, North Carolina",161011,124060,36951,22.949363708069633
37037,"Chatham County, North Carolina",76754,57509,19245,25.073611798733612
37039,"Cherokee County, North Carolina",28868,26502,2366,8.19592628516004
37041,"Chowan County, North Carolina",13835,8358,5477,39.58800144560896
37043,"Clay County, North Carolina",11186,10571,615,5.497943858394422
37045,"Cleveland County, North Carolina",99527,72559,26968,27.096164859786793
37047,"Columbus County, North Carolina",50827,30854,19973,39.296043441477956
37049,"Craven County, North Carolina",101098,69166,31932,31.585194563690678
37051,"Cumberland County, North Carolina",335207,151226,183981,54.88578699132178
37053,"Currituck County, North Carolina",28616,24837,3779,13.205898797875316
37055,"Dare County, North Carolina",37160,32650,4510,12.136706135629709
37057,"Davidson County, North Carolina",169498,137816,31682,18.691665978359627
37059,"Davie County, North Carolina",43030,36814,6216,14.445735533348827
37061,"Duplin County, North Carolina",49312,30070,19242,39.020927968851396
37063,"Durham County, North Carolina",325101,154835,170266,52.37326246304994
37065,"Edgecombe County, North Carolina",49067,18815,30252,61.65447245602951
37067,"Forsyth County, North Carolina",383739,231971,151768,39.549798170110414
37069,"Franklin County, North Carolina",69680,44934,24746,35.51377726750861
37071,"Gaston County, North Carolina",228972,166431,62541,27.31382003039673
37073,"Gates County, North Carolina",10509,6637,3872,36.8446093824341
37075,"Graham County, North Carolina",8047,6898,1149,14.278613147756927
37077,"Granville County, North Carolina",61161,35983,25178,41.16675659325387
37079,"Greene County, North Carolina",20407,10428,9979,48.89988729357573
37081,"Guilford County, North Carolina",539557,275155,264402,49.00353438098291
37083,"Halifax County, North Carolina",48772,18584,30188,61.896169933568444
37085,"Harnett County, North Carolina",134718,87411,47307,35.11557475615731
37087,"Haywood County, North Carolina",62152,57454,4698,7.558887887759043
37089,"Henderson County, North Carolina",116469,101264,15205,13.05497600219801
37091,"Hertford County, North Carolina",21633,7343,14290,66.05648777330929
37093,"Hoke County, North Carolina",52612,22292,30320,57.62943815099217
37095,"Hyde County, North Carolina",4636,2722,1914,41.2855910267472
37097,"Iredell County, North Carolina",187839,145120,42719,22.742348500577624
37099,"Jackson County, North Carolina",42388,34309,8079,19.059639520619044
37101,"Johnston County, North Carolina",219042,152984,66058,30.157686653701116
37103,"Jones County, North Carolina",9263,5764,3499,37.77393932851128
37105,"Lee County, North Carolina",63560,43650,19910,31.32473253618628
37107,"Lenoir County, North Carolina",55071,28400,26671,48.4302082765884
37109,"Lincoln County, North Carolina",87933,75764,12169,13.838945560824719
37111,"McDowell County, North Carolina",44629,39732,4897,10.972685921710099
37113,"Macon County, North Carolina",37088,33707,3381,9.116156169111303
37115,"Madison County, North Carolina",21414,19996,1418,6.62183618193705
37117,"Martin County, North Carolina",21992,11503,10489,47.69461622408148
37119,"Mecklenburg County, North Carolina",1115403,539668,575735,51.61676990289609
37121,"Mitchell County, North Carolina",14989,13980,1009,6.731603175662153
37123,"Montgomery County, North Carolina",25839,17424,8415,32.56704980842912
37125,"Moore County, North Carolina",100759,79661,21098,20.93907244017904
37127,"Nash County, North Carolina",95015,47001,48014,50.533073725201284
37129,"New Hanover County, North Carolina",228134,180420,47714,20.914900891581265
37131,"Northampton County, North Carolina",17528,7087,10441,59.567549064354175
37133,"Onslow County, North Carolina",203686,143660,60026,29.469870290545252
37135,"Orange County, North Carolina",145919,105171,40748,27.925081723421897
37137,"Pamlico County, North Carolina",12317,9330,2987,24.251035154664287
37139,"Pasquotank County, North Carolina",40454,22871,17583,43.46418153952637
37141,"Pender County, North Carolina",61592,46696,14896,24.18495908559553
37143,"Perquimans County, North Carolina",13053,9371,3682,28.208074772083048
37145,"Person County, North Carolina",39131,26043,13088,33.44662799315121
37147,"Pitt County, North Carolina",171196,93580,77616,45.337507885698265
37149,"Polk County, North Carolina",19538,17351,2187,11.193571501689016
37151,"Randolph County, North Carolina",144403,118493,25910,17.942840522703822
37153,"Richmond County, North Carolina",43149,24952,18197,42.172472131451485
37155,"Robeson County, North Carolina",117573,30143,87430,74.36231107482159
37157,"Rockingham County, North Carolina",91209,66592,24617,26.989661108004693
37159,"Rowan County, North Carolina",147067,108005,39062,26.56068322601263
37161,"Rutherford County, North Carolina",64680,54235,10445,16.14873222016079
37163,"Sampson County, North Carolina",59317,33200,26117,44.029536220645014
37165,"Scotland County, North Carolina",34222,14265,19957,58.31628776810239
37167,"Stanly County, North Carolina",62723,51085,11638,18.55459719720039
37169,"Stokes County, North Carolina",44696,40946,3750,8.390012529085377
37171,"Surry County, North Carolina",71429,62836,8593,12.030127819233085
37173,"Swain County, North Carolina",14130,8786,5344,37.82024062278839
37175,"Transylvania County, North Carolina",33131,29993,3138,9.471491956173976
37177,"Tyrrell County, North Carolina",3389,1999,1390,41.015048686928296
37179,"Union County, North Carolina",240109,178008,62101,25.863670249761565
37181,"Vance County, North Carolina",42492,17378,25114,59.102889955756375
37183,"Wake County, North Carolina",1132103,692488,439615,38.83171407548606
37185,"Warren County, North Carolina",18803,7224,11579,61.58059884061055
37187,"Washington County, North Carolina",11051,5060,5991,54.212288480680485
37189,"Watauga County, North Carolina",54540,50349,4191,7.684268426842684
37191,"Wayne County, North Carolina",117480,67475,50005,42.56469186244467
37193,"Wilkes County, North Carolina",66125,58549,7576,11.457088846880907
37195,"Wilson County, North Carolina",78667,36875,41792,53.12519862203974
37197,"Yadkin County, North Carolina",37280,32621,4659,12.497317596566523
37199,"Yancey County, North Carolina",18538,17253,1285,6.931707843348797
45001,"Abbeville County, South Carolina",24368,16915,7453,30.58519369665135
45003,"Aiken County, South Carolina",169865,114221,55644,32.75777823565773
45005,"Allendale County, South Carolina",8073,1834,6239,77.28229902142945
45007,"Anderson County, South Carolina",204592,159828,44764,21.87964338781575
45009,"Bamberg County, South Carolina",13311,4971,8340,62.654947036285776
45011,"Barnwell County, South Carolina",20653,10652,10001,48.42395777853096
45013,"Beaufort County, South Carolina",189071,134379,54692,28.92669949384094
45015,"Berkeley County, South Carolina",231419,148806,82613,35.69845172608991
45017,"Calhoun County, South Carolina",14145,7890,6255,44.22057264050901
45019,"Charleston County, South Carolina",409840,274328,135512,33.064610579738435
45021,"Cherokee County, South Carolina",56200,40494,15706,27.946619217081853
45023,"Chester County, South Carolina",32171,19146,13025,40.48677380249293
45025,"Chesterfield County, South Carolina",43536,26955,16581,38.08572216097023
45027,"Clarendon County, South Carolina",31163,15470,15693,50.35779610435453
45029,"Colleton County, South Carolina",38561,22245,16316,42.31218070070797
45031,"Darlington County, South Carolina",63025,34609,28416,45.086870289567635
45033,"Dillon County, South Carolina",28255,12929,15326,54.24172712794195
45035,"Dorchester County, South Carolina",162139,104519,57620,35.537409259955965
45037,"Edgefield County, South Carolina",26181,15775,10406,39.746380963293994
45039,"Fairfield County, South Carolina",20942,8088,12854,61.379046891414376
45041,"Florence County, South Carolina",137015,70072,66943,48.8581542166916
45043,"Georgetown County, South Carolina",63594,41926,21668,34.0723967669906
45045,"Greenville County, South Carolina",528251,368154,160097,30.3069942129783
45047,"Greenwood County, South Carolina",69309,43025,26284,37.92292487267166
45049,"Hampton County, South Carolina",18890,7591,11299,59.8147167813658
45051,"Horry County, South Carolina",356578,282022,74556,20.90874927785786
45053,"Jasper County, South Carolina",29444,14314,15130,51.38568129330254
45055,"Kershaw County, South Carolina",65779,45165,20614,31.338269052433148
45057,"Lancaster County, South Carolina",97611,70124,27487,28.15973609531713
45059,"Laurens County, South Carolina",67456,46271,21185,31.40565702087287
45061,"Lee County, South Carolina",16557,5569,10988,66.36467959171347
45063,"Lexington County, South Carolina",295934,222068,73866,24.96029520095697
45065,"McCormick County, South Carolina",9612,5071,4541,47.24302954640034
45067,"Marion County, South Carolina",29212,11164,18048,61.782828974394086
45069,"Marlboro County, South Carolina",26585,10416,16169,60.82001128455896
45071,"Newberry County, South Carolina",37918,23411,14507,38.25887441320745
45073,"Oconee County, South Carolina",78775,67134,11641,14.777530942557918
45075,"Orangeburg County, South Carolina",84159,29059,55100,65.47131025796409
45077,"Pickens County, South Carolina",131106,113243,17863,13.624853172242307
45079,"Richland County, South Carolina",416161,176478,239683,57.59381585492154
45081,"Saluda County, South Carolina",18952,11535,7417,39.135711270578305
45083,"Spartanburg County, South Carolina",330119,228719,101400,30.71619628073513
45085,"Sumter County, South Carolina",105199,47752,57447,54.607933535489884
45087,"Union County, South Carolina",27158,17688,9470,34.87001988364386
45089,"Williamsburg County, South Carolina",30879,9893,20986,67.9620454030247
45091,"York County, South Carolina",282987,200943,82044,28.99214451547244
13001,"Appling County, Georgia",18441,13032,5409,29.331381161542215
13003,"Atkinson County, Georgia",8265,5517,2748,33.2486388384755
13005,"Bacon County, Georgia",11138,8229,2909,26.117794936254263
13007,"Baker County, Georgia",2878,1505,1373,47.70674079221682
13009,"Baldwin County, Georgia",43778,23141,20637,47.140116040020104
13011,"Banks County, Georgia",18381,16063,2318,12.61084815842446
13013,"Barrow County, Georgia",84399,60747,23652,28.02402872071944
13015,"Bartow County, Georgia",109410,87427,21983,20.092313316881455
13017,"Ben Hill County, Georgia",17169,9917,7252,42.23891898188596
13019,"Berrien County, Georgia",18187,14934,3253,17.886402375323033
13021,"Bibb County, Georgia",156554,58258,98296,62.78728106595807
13023,"Bleckley County, Georgia",12413,8731,3682,29.662450656569728
13025,"Brantley County, Georgia",18105,16805,1300,7.1803369235017955
13027,"Brooks County, Georgia",16275,9273,7002,43.02304147465438
13029,"Bryan County, Georgia",44995,32658,12337,27.41860206689632
13031,"Bulloch County, Georgia",79829,50820,29009,36.338924451014044
13033,"Burke County, Georgia",24337,12127,12210,50.170522250071905
13035,"Butts County, Georgia",25522,16962,8560,33.5396912467675
13037,"Calhoun County, Georgia",5594,1856,3738,66.821594565606
13039,"Camden County, Georgia",55105,39021,16084,29.18791398239724
13043,"Candler County, Georgia",10946,6825,4121,37.648456057007124
13045,"Carroll County, Georgia",120060,85441,34619,28.834749292020657
13047,"Catoosa County, Georgia",68052,61163,6889,10.123141127373184
13049,"Charlton County, Georgia",12547,7897,4650,37.06065194867299
13051,"Chatham County, Georgia",296266,145541,150725,50.874889457447026
13053,"Chattahoochee County, Georgia",9402,5700,3702,39.37460114869177
13055,"Chattooga County, Georgia",24902,20650,4252,17.074933740261827
13057,"Cherokee County, Georgia",268567,216897,51670,19.239147028488233
13059,"Clarke County, Georgia",128864,76090,52774,40.953253041966725
13061,"Clay County, Georgia",2855,1050,1805,63.22241681260946
13063,"Clayton County, Georgia",296312,37502,258810,87.34374578147359
13065,"Clinch County, Georgia",6713,4383,2330,34.70877402055713
13067,"Cobb County, Georgia",765813,404625,361188,47.163994343266566
13069,"Coffee County, Georgia",43056,26766,16290,37.83444816053512
13071,"Colquitt County, Georgia",45813,27866,17947,39.17447012856613
13073,"Columbia County, Georgia",156921,108715,48206,30.719916391050273
13075,"Cook County, Georgia",17242,11068,6174,35.80791091520705
13077,"Coweta County, Georgia",147449,107301,40148,27.2283976154467
13079,"Crawford County, Georgia",12156,8916,3240,26.653504442250743
13081,"Crisp County, Georgia",20255,10396,9859,48.67440138237472
13083,"Dade County, Georgia",16239,15240,999,6.1518566414188065
13085,"Dawson County, Georgia",27355,24956,2399,8.769877536099434
13087,"Decatur County, Georgia",29063,15237,13826,47.57251488146441
13089,"DeKalb County, Georgia",761209,242659,518550,68.12189556350489
13091,"Dodge County, Georgia",19977,13361,6616,33.11808579866847
13093,"Dooly County, Georgia",11236,4895,6341,56.43467426130295
13095,"Dougherty County, Georgia",85038,20720,64318,75.63442225828453
13097,"Douglas County, Georgia",144735,56989,87746,60.625280685390535
13099,"Early County, Georgia",10753,4718,6035,56.12387240770018
13101,"Echols County, Georgia",3707,2444,1263,34.07067709738333
13103,"Effingham County, Georgia",65314,50603,14711,22.523501852589032
13105,"Elbert County, Georgia",19570,12965,6605,33.75063873275422
13107,"Emanuel County, Georgia",22907,13861,9046,39.4901121927795
13109,"Evans County, Georgia",10759,6059,4700,43.68435728227531
13111,"Fannin County, Georgia",25436,23947,1489,5.853907847145778
13113,"Fayette County, Georgia",119259,73107,46152,38.69896611576485
13115,"Floyd County, Georgia",98541,73157,25384,25.759836007347197
13117,"Forsyth County, Georgia",253225,176237,76988,30.403001283443576
13119,"Franklin County, Georgia",23480,19492,3988,16.984667802385008
13121,"Fulton County, Georgia",1061944,435440,626504,58.995954588942546
13123,"Gilmer County, Georgia",31519,28345,3174,10.070116437704241
13125,"Glascock County, Georgia",2903,2565,338,11.643127798828798
13127,"Glynn County, Georgia",84566,56354,28212,33.36092519452262
13129,"Gordon County, Georgia",57785,46997,10788,18.669204810937096
13131,"Grady County, Georgia",26075,16397,9678,37.11601150527325
13133,"Greene County, Georgia",19020,11363,7657,40.25762355415352
13135,"Gwinnett County, Georgia",957977,377684,580293,60.574836347845505
13137,"Habersham County, Georgia",46326,37529,8797,18.98933644173898
13139,"Hall County, Georgia",204953,147504,57449,28.030328904675706
13141,"Hancock County, Georgia",8588,2178,6410,74.63903120633442
13143,"Haralson County, Georgia",30178,27517,2661,8.817681754920804
13145,"Harris County, Georgia",34914,27027,7887,22.589792060491494
13147,"Hart County, Georgia",26110,19695,6415,24.569130601302184
13149,"Heard County, Georgia",11489,9861,1628,14.170075724606146
13151,"Henry County, Georgia",240853,95873,144980,60.19439243023753
13153,"Houston County, Georgia",164117,92377,71740,43.712717146913484
13155,"Irwin County, Georgia",9487,6550,2937,30.958153262359016
13157,"Jackson County, Georgia",77033,63289,13744,17.841704204691496
13159,"Jasper County, Georgia",14882,11227,3655,24.55987098508265
13161,"Jeff Davis County, Georgia",14791,10535,4256,28.774254614292477
13163,"Jefferson County, Georgia",15591,6737,8854,56.78917324097236
13165,"Jenkins County, Georgia",8704,4985,3719,42.72748161764706
13167,"Johnson County, Georgia",9225,5737,3488,37.81029810298103
13169,"Jones County, Georgia",28382,20237,8145,28.69776618983863
13171,"Lamar County, Georgia",18676,12523,6153,32.94602698650675
13173,"Lanier County, Georgia",9964,6753,3211,32.226013649136895
13175,"Laurens County, Georgia",49407,28879,20528,41.54876839314267
13177,"Lee County, Georgia",32968,22816,10152,30.79349672409609
13179,"Liberty County, Georgia",65550,26965,38585,58.86346300533943
13181,"Lincoln County, Georgia",7726,5302,2424,31.374579342479937
13183,"Long County, Georgia",16804,9781,7023,41.79362056653178
13185,"Lowndes County, Georgia",118257,63660,54597,46.168091529465485
13187,"Lumpkin County, Georgia",33405,30782,2623,7.852117946415207
13189,"McDuffie County, Georgia",21715,11864,9851,45.36495510016118
13191,"McIntosh County, Georgia",11183,7064,4119,36.83269247965662
13193,"Macon County, Georgia",12099,4115,7984,65.98892470452104
13195,"Madison County, Georgia",30378,24924,5454,17.953782342484693
13197,"Marion County, Georgia",7508,4474,3034,40.41022908897176
13199,"Meriwether County, Georgia",20679,11922,8757,42.34730886406499
13201,"Miller County, Georgia",5923,3927,1996,33.6991389498565
13205,"Mitchell County, Georgia",21634,10384,11250,52.0014791531848
13207,"Monroe County, Georgia",28287,20847,7440,26.301834765086436
13209,"Montgomery County, Georgia",8687,5858,2829,32.56590307355819
13211,"Morgan County, Georgia",20171,14703,5468,27.108224678994596
13213,"Murray County, Georgia",40063,37135,2928,7.308489129620847
13215,"Muscogee County, Georgia",204572,83003,121569,59.42602115636548
13217,"Newton County, Georgia",113298,50829,62469,55.136895620399294
13219,"Oconee County, Georgia",41978,35586,6392,15.22702367906999
13221,"Oglethorpe County, Georgia",14974,11630,3344,22.332042206491252
13223,"Paulding County, Georgia",169898,116984,52914,31.144569094397816
13225,"Peach County, Georgia",28054,13791,14263,50.841234761531325
13227,"Pickens County, Georgia",33439,31468,1971,5.894315021382218
13229,"Pierce County, Georgia",19822,16954,2868,14.46877207143578
13231,"Pike County, Georgia",19145,16737,2408,12.577696526508229
13233,"Polk County, Georgia",43019,33052,9967,23.168832376391826
13235,"Pulaski County, Georgia",9887,5727,4160,42.07545261454435
13237,"Putnam County, Georgia",22206,15134,7072,31.847248491398723
13239,"Quitman County, Georgia",2180,953,1227,56.28440366972477
13241,"Rabun County, Georgia",16915,15171,1744,10.310375406443985
13243,"Randolph County, Georgia",6365,1960,4405,69.2065985860173
13245,"Richmond County, Georgia",206153,71015,135138,65.55228398325515
13247,"Rockdale County, Georgia",93641,30027,63614,67.93391783513631
13249,"Schley County, Georgia",4565,3492,1073,23.504928806133627
13251,"Screven County, Georgia",14026,7938,6088,43.405104805361475
13253,"Seminole County, Georgia",9117,5813,3304,36.23999122518372
13255,"Spalding County, Georgia",67415,39829,27586,40.91967662983016
13257,"Stephens County, Georgia",26732,21858,4874,18.23282956755948
13259,"Stewart County, Georgia",5121,1231,3890,75.96172622534661
13261,"Sumter County, Georgia",29378,12285,17093,58.182994077200625
13263,"Talbot County, Georgia",5793,2373,3420,59.03676851372346
13265,"Taliaferro County, Georgia",1635,599,1036,63.36391437308868
13267,"Tattnall County, Georgia",24309,13808,10501,43.19799251306101
13269,"Taylor County, Georgia",7799,4542,3257,41.7617643287601
13271,"Telfair County, Georgia",12619,6462,6157,48.791504873603294
13273,"Terrell County, Georgia",9004,3260,5744,63.793869391381605
13275,"Thomas County, Georgia",45665,26962,18703,40.95696923245374
13277,"Tift County, Georgia",41247,24067,17180,41.65151404950663
13279,"Toombs County, Georgia",26946,17345,9601,35.63052029985897
13281,"Towns County, Georgia",12546,11799,747,5.954088952654232
13283,"Treutlen County, Georgia",6411,4264,2147,33.48931523943223
13285,"Troup County, Georgia",69527,39707,29820,42.88981259079206
13287,"Turner County, Georgia",8894,5129,3765,42.331909152237465
13289,"Twiggs County, Georgia",7955,4452,3503,44.035197988686356
13291,"Union County, Georgia",24880,23257,1623,6.52331189710611
13293,"Upson County, Georgia",27638,18652,8986,32.51320645488096
13295,"Walker County, Georgia",68065,62089,5976,8.779842797326086
13297,"Walton County, Georgia",97752,72371,25381,25.964686144529015
13299,"Ware County, Georgia",35917,22600,13317,37.077150096054794
13301,"Warren County, Georgia",5197,1995,3202,61.612468731960746
13303,"Washington County, Georgia",19975,8602,11373,56.93617021276596
13305,"Wayne County, Georgia",30277,21946,8331,27.51593618918651
13307,"Webster County, Georgia",2354,977,1377,58.49617672047579
13309,"Wheeler County, Georgia",7550,4412,3138,41.56291390728477
13311,"White County, Georgia",28165,25727,2438,8.65613349902361
13313,"Whitfield County, Georgia",103033,79165,23868,23.16539361175546
13315,"Wilcox County, Georgia",8839,5555,3284,37.153524154316095
13317,"Wilkes County, Georgia",9610,5126,4484,46.659729448491156
13319,"Wilkinson County, Georgia",8852,5096,3756,42.43108901943064
13321,"Worth County, Georgia",20706,14070,6636,32.048681541582155
