fips,NAME,total_population,hispanic_population,pct_hispanic
51001,"Accomack County, Virginia",33367,3084,9.242664908442473
51003,"Albemarle County, Virginia",112513,6633,5.895318763165145
51005,"Alleghany County, Virginia",15159,246,1.622798337621215
51007,"Amelia County, Virginia",13309,455,3.4187391990382445
51009,"Amherst County, Virginia",31426,839,2.6697638897727995
51011,"Appomattox County, Virginia",16253,352,2.16575401464345
51013,"Arlington County, Virginia",235845,36734,15.57548389832305
51015,"Augusta County, Virginia",77433,2655,3.4287706791677968
51017,"Bath County, Virginia",4177,31,0.7421594445774479
51019,"Bedford County, Virginia",79761,2079,2.6065370293752586
51021,"Bland County, Virginia",6241,49,0.7851305880467874
51023,"Botetourt County, Virginia",33734,666,1.9742692832157467
51025,"Brunswick County, Virginia",15965,415,2.5994362668336986
51027,"Buchanan County, Virginia",20246,193,0.95327472093253
51029,"Buckingham County, Virginia",16869,426,2.5253423439445135
51031,"Campbell County, Virginia",55518,1701,3.063871176915595
51033,"Caroline County, Virginia",31181,1841,5.904236554311921
51035,"Carroll County, Virginia",29126,1226,4.209297534848589
51036,"Charles City County, Virginia",6760,146,2.1597633136094676
51037,"Charlotte County, Virginia",11563,299,2.5858341260918447
51041,"Chesterfield County, Virginia",366019,36094,9.8612367117554
51043,"Clarke County, Virginia",14882,985,6.6187340411235045
51045,"Craig County, Virginia",4898,46,0.9391588403429971
51047,"Culpeper County, Virginia",52822,6546,12.392563704517057
51049,"Cumberland County, Virginia",9697,114,1.1756213261833557
51051,"Dickenson County, Virginia",14089,148,1.0504649016963588
51053,"Dinwiddie County, Virginia",28057,1106,3.94197526463984
51057,"Essex County, Virginia",10602,469,4.423693642708923
51059,"Fairfax County, Virginia",1145354,189282,16.52606966929002
51061,"Fauquier County, Virginia",73290,7224,9.8567335243553
51063,"Floyd County, Virginia",15532,456,2.935874323976307
51065,"Fluvanna County, Virginia",27442,1147,4.179724509875374
51067,"Franklin County, Virginia",54838,1638,2.9869798315037017
51069,"Frederick County, Virginia",92007,9317,10.126403425826295
51071,"Giles County, Virginia",16711,319,1.908922266770391
51073,"Gloucester County, Virginia",38875,1594,4.10032154340836
51075,"Goochland County, Virginia",24906,809,3.2482132819400946
51077,"Grayson County, Virginia",15356,601,3.9137796301120082
51079,"Greene County, Virginia",20631,1364,6.611410014056516
51081,"Greensville County, Virginia",11373,578,5.082212257100149
51083,"Halifax County, Virginia",34013,805,2.3667421280098786
51085,"Hanover County, Virginia",110513,3667,3.318161664238596
51087,"Henrico County, Virginia",333120,20442,6.136527377521614
51089,"Henry County, Virginia",50760,3070,6.048069345941686
51091,"Highland County, Virginia",2247,0,0.0
51093,"Isle of Wight County, Virginia",38898,1569,4.033626407527379
51095,"James City County, Virginia",78818,5022,6.37164099571164
51097,"King and Queen County, Virginia",6681,243,3.6371800628648407
51099,"King George County, Virginia",26985,1714,6.351676857513433
51101,"King William County, Virginia",17845,521,2.919585318016251
51103,"Lancaster County, Virginia",10866,251,2.3099576661144856
51105,"Lee County, Virginia",22287,476,2.135774218154081
51107,"Loudoun County, Virginia",420773,58198,13.831210652774775
51109,"Louisa County, Virginia",38106,1366,3.584737311709442
51111,"Lunenburg County, Virginia",11988,730,6.089422756089423
51113,"Madison County, Virginia",13828,475,3.435059299971073
51115,"Mathews County, Virginia",8537,261,3.057280074967787
51117,"Mecklenburg County, Virginia",30367,941,3.09875852076267
51119,"Middlesex County, Virginia",10738,336,3.129074315514994
51121,"Montgomery County, Virginia",99373,3519,3.5412033449729803
51125,"Nelson County, Virginia",14773,677,4.582684627360726
51127,"New Kent County, Virginia",23296,931,3.9963942307692304
51131,"Northampton County, Virginia",12132,1146,9.446092977250247
51133,"Northumberland County, Virginia",12007,489,4.072624302490214
51135,"Nottoway County, Virginia",15638,783,5.007034147589206
51137,"Orange County, Virginia",36593,2206,6.028475391468314
51139,"Page County, Virginia",23753,562,2.3660169241779987
51141,"Patrick County, Virginia",17660,577,3.2672706681766703
51143,"Pittsylvania County, Virginia",60541,1760,2.907120794172544
51145,"Powhatan County, Virginia",30503,754,2.47188801101531
51147,"Prince Edward County, Virginia",21922,791,3.608247422680412
51149,"Prince George County, Virginia",42634,4117,9.65661209363419
51153,"Prince William County, Virginia",481114,120125,24.9680948797998
51155,"Pulaski County, Virginia",33841,658,1.9443869862001715
51157,"Rappahannock County, Virginia",7422,318,4.284559417946645
51159,"Richmond County, Virginia",8968,672,7.493309545049064
51161,"Roanoke County, Virginia",96653,3402,3.519807972851334
51163,"Rockbridge County, Virginia",22673,485,2.1391081903585762
51165,"Rockingham County, Virginia",83905,6561,7.81955783326381
51167,"Russell County, Virginia",25763,178,0.6909133253114932
51169,"Scott County, Virginia",21536,323,1.49981426448737
51171,"Shenandoah County, Virginia",44337,3550,8.006856575771929
51173,"Smyth County, Virginia",29799,673,2.258465049162724
51175,"Southampton County, Virginia",18003,395,2.194078764650336
51177,"Spotsylvania County, Virginia",141097,15971,11.319163412404233
51179,"Stafford County, Virginia",157606,23520,14.923289722472493
51181,"Surry County, Virginia",6546,185,2.8261533761075466
51183,"Sussex County, Virginia",10866,382,3.5155531014172645
51185,"Tazewell County, Virginia",40392,468,1.1586452762923352
51187,"Warren County, Virginia",40800,2581,6.325980392156863
51191,"Washington County, Virginia",53985,878,1.6263776975085673
51193,"Westmoreland County, Virginia",18480,1259,6.812770562770563
51195,"Wise County, Virginia",36105,482,1.3349951530258968
51197,"Wythe County, Virginia",28275,402,1.4217506631299734
51199,"York County, Virginia",70238,5100,7.2610267946126035
51510,"Alexandria city, Virginia",157594,26092,16.556467885833218
51520,"Bristol city, Virginia",17036,445,2.612115520075135
51530,"Buena Vista city, Virginia",6639,98,1.4761259225787016
51540,"Charlottesville city, Virginia",46289,2705,5.843720970424939
51550,"Chesapeake city, Virginia",249377,17578,7.048765523685023
51570,"Colonial Heights city, Virginia",18158,1316,7.247494217424827
51580,"Covington city, Virginia",5722,136,2.376791331702202
51590,"Danville city, Virginia",42507,2089,4.914484673112664
51595,"Emporia city, Virginia",5680,266,4.683098591549296
51600,"Fairfax city, Virginia",24242,4397,18.137942413992246
51610,"Falls Church city, Virginia",14576,1640,11.251372118551043
51620,"Franklin city, Virginia",8194,269,3.282889919453259
51630,"Fredericksburg city, Virginia",28258,3308,11.706419421048906
51640,"Galax city, Virginia",6687,1379,20.622102587109318
51650,"Hampton city, Virginia",137217,9028,6.579359700328677
51660,"Harrisonburg city, Virginia",51784,10762,20.782481075235594
51670,"Hopewell city, Virginia",23046,2043,8.864878937776622
51678,"Lexington city, Virginia",7346,373,5.077593248026137
51680,"Lynchburg city, Virginia",79166,3688,4.658565545815123
51683,"Manassas city, Virginia",42620,16527,38.77756921633036
51685,"Manassas Park city, Virginia",17123,7175,41.90270396542662
51690,"Martinsville city, Virginia",13539,947,6.994608168993278
51700,"Newport News city, Virginia",185118,18290,9.880184530947828
51710,"Norfolk city, Virginia",236973,20688,8.730108493372663
51720,"Norton city, Virginia",3668,0,0.0
51730,"Petersburg city, Virginia",33261,1765,5.306515137849132
51735,"Poquoson city, Virginia",12479,424,3.3977081496914816
51740,"Portsmouth city, Virginia",97384,4879,5.0100632547441055
51750,"Radford city, Virginia",16379,531,3.241956163379938
51760,"Richmond city, Virginia",227171,17306,7.618049839107985
51770,"Roanoke city, Virginia",99213,6838,6.892241944100068
51775,"Salem city, Virginia",25372,957,3.7718745073309163
51790,"Staunton city, Virginia",25581,972,3.799695086196787
51800,"Suffolk city, Virginia",94856,4573,4.820991819178545
51810,"Virginia Beach city, Virginia",457900,40139,8.765887748416686
51820,"Waynesboro city, Virginia",22341,2075,9.287856407501902
51830,"Williamsburg city, Virginia",15486,1189,7.677902621722846
51840,"Winchester city, Virginia",28103,5254,18.695512934562146
42001,"Adams County, Pennsylvania",104604,7688,7.3496233413636185
42003,"Allegheny County, Pennsylvania",1245310,29272,2.3505793738105374
42005,"Armstrong County, Pennsylvania",65538,560,0.8544661112636943
42007,"Beaver County, Pennsylvania",167629,3227,1.9250845617405101
42009,"Bedford County, Pennsylvania",47613,598,1.255959506857371
42011,"Berks County, Pennsylvania",428483,99460,23.212122767997798
42013,"Blair County, Pennsylvania",122640,1721,1.4032941943900847
42015,"Bradford County, Pennsylvania",60159,946,1.57249954287804
42017,"Bucks County, Pennsylvania",645163,38195,5.920209311445325
42019,"Butler County, Pennsylvania",194562,3391,1.7428891561558784
42021,"Cambria County, Pennsylvania",133263,2464,1.848975334488943
42023,"Cameron County, Pennsylvania",4536,91,2.006172839506173
42025,"Carbon County, Pennsylvania",65018,3889,5.981420529699468
42027,"Centre County, Pennsylvania",158665,4948,3.1185201525226103
42029,"Chester County, Pennsylvania",536474,40883,7.6206861842326
42031,"Clarion County, Pennsylvania",37489,421,1.122996078849796
42033,"Clearfield County, Pennsylvania",79707,2314,2.903132723600186
42035,"Clinton County, Pennsylvania",37860,654,1.7274167987321711
42037,"Columbia County, Pennsylvania",64924,2219,3.417842400345019
42039,"Crawford County, Pennsylvania",83876,1250,1.490295197672755
42041,"Cumberland County, Pennsylvania",261269,12076,4.622056194956156
42043,"Dauphin County, Pennsylvania",286108,29871,10.440463041928224
42045,"Delaware County, Pennsylvania",575312,24939,4.334865255722113
42047,"Elk County, Pennsylvania",30886,259,0.8385676358220554
42049,"Erie County, Pennsylvania",270495,12637,4.671805393815043
42051,"Fayette County, Pennsylvania",128417,1780,1.3861093157448001
42053,"Forest County, Pennsylvania",6959,508,7.29989941083489
42055,"Franklin County, Pennsylvania",156084,10108,6.476000102508905
42057,"Fulton County, Pennsylvania",14545,197,1.3544173255414231
42059,"Greene County, Pennsylvania",35781,574,1.604203348145664
42061,"Huntingdon County, Pennsylvania",44123,931,2.1100106520408857
42063,"Indiana County, Pennsylvania",83394,1295,1.552869510995995
42065,"Jefferson County, Pennsylvania",44326,436,0.9836213509001488
42067,"Juniata County, Pennsylvania",23535,985,4.185256001699597
42069,"Lackawanna County, Pennsylvania",215672,19428,9.008123446715382
42071,"Lancaster County, Pennsylvania",553202,62108,11.227002071576024
42073,"Lawrence County, Pennsylvania",85907,1471,1.7123168077106639
42075,"Lebanon County, Pennsylvania",143258,20729,14.469698027335298
42077,"Lehigh County, Pennsylvania",374110,101726,27.191467750126968
42079,"Luzerne County, Pennsylvania",325396,49024,15.065950411191286
42081,"Lycoming County, Pennsylvania",114022,2573,2.2565820631106277
42083,"McKean County, Pennsylvania",40459,872,2.155268296299958
42085,"Mercer County, Pennsylvania",110600,1768,1.5985533453887886
42087,"Mifflin County, Pennsylvania",46146,825,1.7878039266675336
42089,"Monroe County, Pennsylvania",168128,29982,17.832841644461364
42091,"Montgomery County, Pennsylvania",856399,48524,5.666050520843672
42093,"Montour County, Pennsylvania",18165,517,2.846132672722268
42095,"Northampton County, Pennsylvania",314299,46200,14.699378617176636
42097,"Northumberland County, Pennsylvania",91340,3879,4.246770308736589
42099,"Perry County, Pennsylvania",45941,1085,2.3617248209660215
42101,"Philadelphia County, Pennsylvania",1593208,249723,15.674224583356347
42103,"Pike County, Pennsylvania",58996,7048,11.946572648993152
42105,"Potter County, Pennsylvania",16390,255,1.5558267236119585
42107,"Schuylkill County, Pennsylvania",143201,8813,6.154286632076592
42109,"Snyder County, Pennsylvania",39797,931,2.339372314496068
42111,"Somerset County, Pennsylvania",73802,1140,1.544673586081678
42113,"Sullivan County, Pennsylvania",5880,138,2.3469387755102042
42115,"Susquehanna County, Pennsylvania",38540,739,1.9174883238194083
42117,"Tioga County, Pennsylvania",41186,558,1.3548293109308989
42119,"Union County, Pennsylvania",42908,2406,5.6073459494732925
42121,"Venango County, Pennsylvania",50475,563,1.1154036651807826
42123,"Warren County, Pennsylvania",38492,527,1.3691156603969656
42125,"Washington County, Pennsylvania",209631,3917,1.8685213541890275
42127,"Wayne County, Pennsylvania",51227,2518,4.915376656841119
42129,"Westmoreland County, Pennsylvania",354414,4827,1.3619665137381707
42131,"Wyoming County, Pennsylvania",26219,564,2.1511117891605323
42133,"York County, Pennsylvania",457051,38943,8.52049333662983
24001,"Allegany County, Maryland",68161,1377,2.0202168395416735
24003,"Anne Arundel County, Maryland",588109,51224,8.70995002627064
24005,"Baltimore County, Maryland",850737,51697,6.076731116667078
24009,"Calvert County, Maryland",93244,4319,4.631933421989618
24011,"Caroline County, Maryland",33320,2736,8.211284513805522
24013,"Carroll County, Maryland",173225,7169,4.138548131043441
24015,"Cecil County, Maryland",103876,5069,4.879856752281567
24017,"Charles County, Maryland",167035,11269,6.746490256533062
24019,"Dorchester County, Maryland",32557,1992,6.118499861780877
24021,"Frederick County, Maryland",273829,30072,10.982036234292204
24023,"Garrett County, Maryland",28856,362,1.2545051289159967
24025,"Harford County, Maryland",261059,12948,4.959798359757756
24027,"Howard County, Maryland",332011,24823,7.4765595115824475
24029,"Kent County, Maryland",19289,900,4.665871740370159
24031,"Montgomery County, Maryland",1056910,211486,20.009840005298464
24033,"Prince George's County, Maryland",957189,190973,19.951441146941722
24035,"Queen Anne's County, Maryland",50316,2303,4.577072899276572
24037,"St. Mary's County, Maryland",113814,6471,5.685592282144552
24039,"Somerset County, Maryland",24672,988,4.004539559014267
24041,"Talbot County, Maryland",37663,2744,7.285664976236625
24043,"Washington County, Maryland",154645,9630,6.227165443434965
24045,"Wicomico County, Maryland",103815,5949,5.730385782401387
24047,"Worcester County, Maryland",52827,2023,3.829481136540027
24510,"Baltimore city, Maryland",584548,34381,5.881638462538577
10001,"Kent County, Delaware",182400,14162,7.764254385964913
10003,"New Castle County, Delaware",570567,61685,10.811175549935415
10005,"Sussex County, Delaware",240668,22849,9.493991723037546
54001,"Barbour County, West Virginia",15527,182,1.172151735686224
54003,"Berkeley County, West Virginia",123283,6432,5.217264343015663
54005,"Boone County, West Virginia",21705,71,0.3271135683022345
54007,"Braxton County, West Virginia",12505,137,1.095561775289884
54009,"Brooke County, West Virginia",22349,233,1.042552239473802
54011,"Cabell County, West Virginia",93965,1407,1.4973660405470122
54013,"Calhoun County, West Virginia",6279,19,0.3025959547698678
54015,"Clay County, West Virginia",8049,8,0.0993912287240651
54017,"Doddridge County, West Virginia",7847,129,1.6439403593730089
54019,"Fayette County, West Virginia",40545,529,1.3047231471204834
54021,"Gilmer County, West Virginia",7444,294,3.9494895217624935
54023,"Grant County, West Virginia",11034,48,0.4350190320826536
54025,"Greenbrier County, West Virginia",32995,675,2.0457645097742083
54027,"Hampshire County, West Virginia",23275,371,1.593984962406015
54029,"Hancock County, West Virginia",28907,468,1.6189850209291867
54031,"Hardy County, West Virginia",14249,670,4.702084356796968
54033,"Harrison County, West Virginia",65862,1188,1.8037715222738453
54035,"Jackson County, West Virginia",27868,312,1.1195636572412804
54037,"Jefferson County, West Virginia",58043,3747,6.4555588098478704
54039,"Kanawha County, West Virginia",179895,2101,1.1679034992634592
54041,"Lewis County, West Virginia",16920,229,1.3534278959810875
54043,"Lincoln County, West Virginia",20410,253,1.2395884370406662
54045,"Logan County, West Virginia",32350,344,1.063369397217929
54047,"McDowell County, West Virginia",18911,386,2.041140077203744
54049,"Marion County, West Virginia",56194,787,1.4005053920347368
54051,"Marshall County, West Virginia",30509,301,0.9865941197679372
54053,"Mason County, West Virginia",25488,326,1.2790332705586942
54055,"Mercer County, West Virginia",59530,771,1.2951453048882917
54057,"Mineral County, West Virginia",26957,286,1.0609489186482175
54059,"Mingo County, West Virginia",23466,64,0.27273502088127505
54061,"Monongalia County, West Virginia",105988,2413,2.2766728308865156
54063,"Monroe County, West Virginia",12438,244,1.9617301817012383
54065,"Morgan County, West Virginia",17237,331,1.9202877530892848
54067,"Nicholas County, West Virginia",24624,243,0.9868421052631579
54069,"Ohio County, West Virginia",42224,540,1.2788935202728307
54071,"Pendleton County, West Virginia",6156,90,1.461988304093567
54073,"Pleasants County, West Virginia",7622,200,2.623983206507478
54075,"Pocahontas County, West Virginia",7940,59,0.743073047858942
54077,"Preston County, West Virginia",34206,797,2.330000584692744
54079,"Putnam County, West Virginia",57347,737,1.2851587702931278
54081,"Raleigh County, West Virginia",74303,1211,1.629813062729634
54083,"Randolph County, West Virginia",28005,276,0.9855382967327263
54085,"Ritchie County, West Virginia",8507,26,0.3056306571059128
54087,"Roane County, West Virginia",14027,159,1.1335281956227274
54089,"Summers County, West Virginia",11985,280,2.336253650396329
54091,"Taylor County, West Virginia",16602,161,0.9697626791952777
54093,"Tucker County, West Virginia",6747,9,0.1333926189417519
54095,"Tyler County, West Virginia",8336,137,1.643474088291747
54097,"Upshur County, West Virginia",23875,335,1.4031413612565447
54099,"Wayne County, West Virginia",38933,289,0.7423008758636632
54101,"Webster County, West Virginia",8362,53,0.6338196603683329
54103,"Wetzel County, West Virginia",14431,161,1.1156538008454022
54105,"Wirt County, West Virginia",5202,0,0.0
54107,"Wood County, West Virginia",84272,1209,1.4346402126447693
54109,"Wyoming County, West Virginia",21237,182,0.8569948674483213
21001,"Adair County, Kentucky",18887,468,2.4778948483083605
21003,"Allen County, Kentucky",20773,503,2.421412410340346
21005,"Anderson County, Kentucky",23839,514,2.1561307101807965
21007,"Ballard County, Kentucky",7742,125,1.6145698785843452
21009,"Barren County, Kentucky",44511,1608,3.612590146255982
21011,"Bath County, Kentucky",12739,228,1.7897794175366983
21013,"Bell County, Kentucky",24248,329,1.3568129330254042
21015,"Boone County, Kentucky",136150,6174,4.5347043701799485
21017,"Bourbon County, Kentucky",20228,1451,7.1732252323511965
21019,"Boyd County, Kentucky",48242,947,1.9630197752995313
21021,"Boyle County, Kentucky",30613,1036,3.384183190147976
21023,"Bracken County, Kentucky",8420,67,0.7957244655581949
21025,"Breathitt County, Kentucky",13580,157,1.1561119293078057
21027,"Breckinridge County, Kentucky",20528,400,1.9485580670303975
21029,"Bullitt County, Kentucky",82482,2139,2.5932930821270097
21031,"Butler County, Kentucky",12365,467,3.7767893247068334
21033,"Caldwell County, Kentucky",12635,277,2.192322912544519
21035,"Calloway County, Kentucky",37345,1050,2.8116213683223994
21037,"Campbell County, Kentucky",93122,2116,2.272287966323747
21039,"Carlisle County, Kentucky",4782,118,2.46758678377248
21041,"Carroll County, Kentucky",10842,745,6.871425936174138
21043,"Carter County, Kentucky",26671,265,0.9935885418619474
21045,"Casey County, Kentucky",15942,488,3.061096474720863
21047,"Christian County, Kentucky",72766,6145,8.444878102410467
21049,"Clark County, Kentucky",36897,1231,3.336314605523484
21051,"Clay County, Kentucky",20322,250,1.2301938785552602
21053,"Clinton County, Kentucky",9295,309,3.3243679397525554
21055,"Crittenden County, Kentucky",8979,175,1.9489920926606525
21057,"Cumberland County, Kentucky",5974,105,1.757616337462337
21059,"Daviess County, Kentucky",102916,3549,3.4484433907264176
21061,"Edmonson County, Kentucky",12179,191,1.5682732572460791
21063,"Elliott County, Kentucky",7378,70,0.9487666034155597
21065,"Estill County, Kentucky",14138,118,0.834630074975244
21067,"Fayette County, Kentucky",321276,23839,7.420099851840785
21069,"Fleming County, Kentucky",15111,257,1.7007477996161737
21071,"Floyd County, Kentucky",35780,68,0.19005030743432086
21073,"Franklin County, Kentucky",51475,1993,3.87178241864983
21075,"Fulton County, Kentucky",6480,95,1.4660493827160492
21077,"Gallatin County, Kentucky",8720,511,5.860091743119266
21079,"Garrard County, Kentucky",17175,421,2.451237263464338
21081,"Grant County, Kentucky",25085,777,3.097468606737094
21083,"Graves County, Kentucky",36701,2713,7.3921691507043406
21085,"Grayson County, Kentucky",26465,394,1.4887587379557907
21087,"Green County, Kentucky",11198,199,1.7771030541168065
21089,"Greenup County, Kentucky",35853,436,1.2160767578724234
21091,"Hancock County, Kentucky",9058,160,1.7663943475380879
21093,"Hardin County, Kentucky",111005,6658,5.997928021260304
21095,"Harlan County, Kentucky",26589,79,0.29711534845236753
21097,"Harrison County, Kentucky",18803,480,2.5527841301919905
21099,"Hart County, Kentucky",19345,393,2.031532695787025
21101,"Henderson County, Kentucky",44770,1315,2.937234755416574
21103,"Henry County, Kentucky",15731,580,3.6869874769563284
21105,"Hickman County, Kentucky",4491,100,2.22667557336896
21107,"Hopkins County, Kentucky",45223,1021,2.2577007275059153
21109,"Jackson County, Kentucky",13002,140,1.0767574219350868
21111,"Jefferson County, Kentucky",779232,48984,6.286189478871504
21113,"Jessamine County, Kentucky",53381,2095,3.924617373222682
21115,"Johnson County, Kentucky",22631,128,0.5655958640802439
21117,"Kenton County, Kentucky",169066,6094,3.604509481504264
21119,"Knott County, Kentucky",14282,153,1.0712785324184289
21121,"Knox County, Kentucky",30207,449,1.4864104346674611
21123,"Larue County, Kentucky",14902,497,3.335122802308415
21125,"Laurel County, Kentucky",62442,987,1.5806668588450083
21127,"Lawrence County, Kentucky",16228,245,1.5097362583189549
21129,"Lee County, Kentucky",7338,171,2.3303352412101392
21131,"Leslie County, Kentucky",10468,73,0.6973633931983186
21133,"Letcher County, Kentucky",21490,199,0.9260120986505351
21135,"Lewis County, Kentucky",13063,4,0.030620837479905075
21137,"Lincoln County, Kentucky",24320,457,1.8791118421052633
21139,"Livingston County, Kentucky",8980,229,2.5501113585746102
21141,"Logan County, Kentucky",27498,854,3.1056804131209543
21143,"Lyon County, Kentucky",8721,219,2.5111799105607155
21145,"McCracken County, Kentucky",67573,1882,2.7851360750595653
21147,"McCreary County, Kentucky",16892,276,1.633909542978925
21149,"McLean County, Kentucky",9173,188,2.0494930775100837
21151,"Madison County, Kentucky",92955,2550,2.7432628691302243
21153,"Magoffin County, Kentucky",11647,152,1.3050570962479608
21155,"Marion County, Kentucky",19627,557,2.8379273449839504
21157,"Marshall County, Kentucky",31706,575,1.8135368699930612
21159,"Martin County, Kentucky",11298,206,1.823331563108515
21161,"Mason County, Kentucky",17068,375,2.1970939770330444
21163,"Meade County, Kentucky",29964,1197,3.9947937525030035
21165,"Menifee County, Kentucky",6174,149,2.4133462908973113
21167,"Mercer County, Kentucky",22662,747,3.29626687847498
21169,"Metcalfe County, Kentucky",10313,204,1.978085910986134
21171,"Monroe County, Kentucky",11331,364,3.212426087723943
21173,"Montgomery County, Kentucky",28188,838,2.972896267915425
21175,"Morgan County, Kentucky",13840,152,1.0982658959537572
21177,"Muhlenberg County, Kentucky",30735,511,1.6625996421018383
21179,"Nelson County, Kentucky",46779,1108,2.3685841937621586
21181,"Nicholas County, Kentucky",7613,0,0.0
21183,"Ohio County, Kentucky",23782,822,3.456395593305862
21185,"Oldham County, Kentucky",67997,2773,4.078121093577658
21187,"Owen County, Kentucky",11229,63,0.56104728827144
21189,"Owsley County, Kentucky",4054,0,0.0
21191,"Pendleton County, Kentucky",14638,211,1.441453750512365
21193,"Perry County, Kentucky",28136,311,1.1053454648848449
21195,"Pike County, Kentucky",58196,579,0.9949137397759297
21197,"Powell County, Kentucky",13089,259,1.9787607915043166
21199,"Pulaski County, Kentucky",65145,1752,2.6893852175915263
21201,"Robertson County, Kentucky",2207,39,1.7671046669687356
21203,"Rockcastle County, Kentucky",16171,177,1.094551975759075
21205,"Rowan County, Kentucky",24551,513,2.089527921469594
21207,"Russell County, Kentucky",18021,693,3.845513567504578
21209,"Scott County, Kentucky",57286,2590,4.521174457982753
21211,"Shelby County, Kentucky",48105,4622,9.60814884107681
21213,"Simpson County, Kentucky",19574,539,2.753652804740983
21215,"Spencer County, Kentucky",19549,514,2.6292905007928793
21217,"Taylor County, Kentucky",26056,666,2.556033159349094
21219,"Todd County, Kentucky",12281,589,4.796026382216432
21221,"Trigg County, Kentucky",14154,353,2.493994630493147
21223,"Trimble County, Kentucky",8510,291,3.419506462984724
21225,"Union County, Kentucky",13495,259,1.9192293442015562
21227,"Warren County, Kentucky",135307,7652,5.655287605223677
21229,"Washington County, Kentucky",12025,64,0.5322245322245323
21231,"Wayne County, Kentucky",19666,729,3.706905318824367
21233,"Webster County, Kentucky",12951,752,5.8065014284611225
21235,"Whitley County, Kentucky",36648,563,1.5362366295568652
21237,"Wolfe County, Kentucky",6573,0,0.0
21239,"Woodford County, Kentucky",26886,1793,6.668898311388826
47001,"Anderson County, Tennessee",77337,2661,3.440785135187556
47003,"Bedford County, Tennessee",50533,6857,13.569350721310828
47005,"Benton County, Tennessee",15933,289,1.813845477938869
47007,"Bledsoe County, Tennessee",14816,448,3.023758099352052
47009,"Blount County, Tennessee",135951,5234,3.8499165140381457
47011,"Bradley County, Tennessee",108859,7506,6.8951579566227865
47013,"Campbell County, Tennessee",39397,661,1.6777927253344163
47015,"Cannon County, Tennessee",14481,397,2.7415233754574957
47017,"Carroll County, Tennessee",28381,881,3.1041894225009687
47019,"Carter County, Tennessee",56315,1526,2.7097576134244874
47021,"Cheatham County, Tennessee",41184,1580,3.836441336441337
47023,"Chester County, Tennessee",17392,511,2.9381324747010122
47025,"Claiborne County, Tennessee",32092,482,1.5019319456562383
47027,"Clay County, Tennessee",7592,211,2.779241306638567
47029,"Cocke County, Tennessee",36186,1029,2.843641187199469
47031,"Coffee County, Tennessee",58080,3030,5.216942148760331
47033,"Crockett County, Tennessee",13955,1610,11.537083482622716
47035,"Cumberland County, Tennessee",61552,1982,3.220041590850013
47037,"Davidson County, Tennessee",709786,75237,10.599955479538902
47039,"Decatur County, Tennessee",11483,408,3.5530784638160755
47041,"DeKalb County, Tennessee",20209,1697,8.397248750556683
47043,"Dickson County, Tennessee",54563,2301,4.21714348551216
47045,"Dyer County, Tennessee",36818,1382,3.7535987832038673
47047,"Fayette County, Tennessee",42228,1335,3.161409491332765
47049,"Fentress County, Tennessee",18642,344,1.8452955691449415
47051,"Franklin County, Tennessee",42980,1614,3.7552349930200095
47053,"Gibson County, Tennessee",50455,1525,3.0224952928351994
47055,"Giles County, Tennessee",30317,1001,3.3017778803971365
47057,"Grainger County, Tennessee",23648,862,3.6451285520974293
47059,"Greene County, Tennessee",70399,2290,3.2528871148737903
47061,"Grundy County, Tennessee",13550,216,1.5940959409594095
47063,"Hamblen County, Tennessee",64531,7928,12.285568176535309
47065,"Hamilton County, Tennessee",367193,22890,6.233778966374631
47067,"Hancock County, Tennessee",6726,47,0.6987808504311627
47069,"Hardeman County, Tennessee",25519,507,1.9867549668874174
47071,"Hardin County, Tennessee",26824,705,2.628243364151506
47073,"Hawkins County, Tennessee",57107,1017,1.7808674943527063
47075,"Haywood County, Tennessee",17806,766,4.301920700887341
47077,"Henderson County, Tennessee",27845,753,2.7042557012030883
47079,"Henry County, Tennessee",32305,916,2.8354743847701593
47081,"Hickman County, Tennessee",24996,719,2.876460233637382
47083,"Houston County, Tennessee",8253,234,2.8353326063249726
47085,"Humphreys County, Tennessee",19032,517,2.716477511559479
47087,"Jackson County, Tennessee",11730,284,2.4211423699914745
47089,"Jefferson County, Tennessee",55017,2128,3.8678953777923186
47091,"Johnson County, Tennessee",17982,405,2.2522522522522523
47093,"Knox County, Tennessee",481406,22896,4.756068682151864
47095,"Lake County, Tennessee",6898,200,2.8993911278631486
47097,"Lauderdale County, Tennessee",25171,725,2.880298756505502
47099,"Lawrence County, Tennessee",44377,1128,2.5418572684048044
47101,"Lewis County, Tennessee",12637,332,2.6272058241671283
47103,"Lincoln County, Tennessee",35365,1363,3.8540930298317546
47105,"Loudon County, Tennessee",55507,5307,9.560956275785037
47107,"McMinn County, Tennessee",53532,2421,4.522528581035642
47109,"McNairy County, Tennessee",25895,633,2.4444873527708055
47111,"Macon County, Tennessee",25365,1352,5.330179381036862
47113,"Madison County, Tennessee",98644,4219,4.276996066663964
47115,"Marion County, Tennessee",28852,609,2.1107722168307226
47117,"Marshall County, Tennessee",34567,2085,6.031764399571847
47119,"Maury County, Tennessee",102002,6747,6.614576184780691
47121,"Meigs County, Tennessee",12839,155,1.2072591323311783
47123,"Monroe County, Tennessee",46489,2124,4.568822732259244
47125,"Montgomery County, Tennessee",222305,23819,10.714558826837003
47127,"Moore County, Tennessee",6558,31,0.4727050930161634
47129,"Morgan County, Tennessee",21124,347,1.6426813103578866
47131,"Obion County, Tennessee",30670,1562,5.092924682099772
47133,"Overton County, Tennessee",22576,419,1.8559532246633592
47135,"Perry County, Tennessee",8432,85,1.0080645161290323
47137,"Pickett County, Tennessee",5042,112,2.221340737802459
47139,"Polk County, Tennessee",17620,394,2.236095346197503
47141,"Putnam County, Tennessee",80157,5397,6.733036416033535
47143,"Rhea County, Tennessee",33031,1818,5.503920559474433
47145,"Roane County, Tennessee",53777,1201,2.233296762556483
47147,"Robertson County, Tennessee",73297,5636,7.6892642263667
47149,"Rutherford County, Tennessee",343727,31382,9.129919965554059
47151,"Scott County, Tennessee",21917,50,0.22813341241958296
47153,"Sequatchie County, Tennessee",16065,635,3.9526921879863055
47155,"Sevier County, Tennessee",98455,6786,6.892488954344625
47157,"Shelby County, Tennessee",926440,62832,6.782090583308148
47159,"Smith County, Tennessee",20034,639,3.1895777178796045
47161,"Stewart County, Tennessee",13724,492,3.5849606528708833
47163,"Sullivan County, Tennessee",158722,3534,2.226534443870415
47165,"Sumner County, Tennessee",196845,11143,5.660799105895502
47167,"Tipton County, Tennessee",61116,1796,2.9386739969893316
47169,"Trousdale County, Tennessee",11596,340,2.932045532942394
47171,"Unicoi County, Tennessee",17845,1048,5.872793499579714
47173,"Union County, Tennessee",19860,394,1.9838872104733132
47175,"Van Buren County, Tennessee",6182,56,0.9058557101261728
47177,"Warren County, Tennessee",41163,3907,9.4915336588684
47179,"Washington County, Tennessee",133282,5172,3.880493990186222
47181,"Wayne County, Tennessee",16325,386,2.364471669218989
47183,"Weakley County, Tennessee",32946,988,2.9988465974625145
47185,"White County, Tennessee",27420,801,2.9212253829321666
47187,"Williamson County, Tennessee",248897,12682,5.095280377023427
47189,"Wilson County, Tennessee",149096,7519,5.043059505285186
37001,"Alamance County, North Carolina",171779,23200,13.50572537970299
37003,"Alexander County, North Carolina",36505,1872,5.128064648678263
37005,"Alleghany County, North Carolina",10989,1103,10.037310037310037
37007,"Anson County, North Carolina",22200,1012,4.558558558558558
37009,"Ashe County, North Carolina",26759,1406,5.254306962143578
37011,"Avery County, North Carolina",17679,904,5.113411392047062
37013,"Beaufort County, North Carolina",44711,3734,8.351412404106371
37015,"Bertie County, North Carolina",17818,258,1.4479739589179481
37017,"Bladen County, North Carolina",29807,2411,8.088703995705707
37019,"Brunswick County, North Carolina",139721,7114,5.091575353740669
37021,"Buncombe County, North Carolina",269449,19093,7.085942052113758
37023,"Burke County, North Carolina",87799,5858,6.672057768311712
37025,"Cabarrus County, North Carolina",226396,25629,11.320429689570487
37027,"Caldwell County, North Carolina",80716,4967,6.153674612220626
37029,"Camden County, North Carolina",10547,391,3.7072153218924813
37031,"Carteret County, North Carolina",68353,3102,4.538206077275321
37033,"Caswell County, North Carolina",22747,1089,4.787444498175584
37035,"Catawba County, North Carolina",161011,16667,10.35146666997907
37037,"Chatham County, North Carolina",76754,9332,12.158323996143523
37039,"Cherokee County, North Carolina",28868,1071,3.7099903006789523
37041,"Chowan County, North Carolina",13835,510,3.6863028550777015
37043,"Clay County, North Carolina",11186,432,3.8619703200429107
37045,"Cleveland County, North Carolina",99527,4113,4.132546947059592
37047,"Columbus County, North Carolina",50827,2996,5.894504889133728
37049,"Craven County, North Carolina",101098,7857,7.771667095293676
37051,"Cumberland County, North Carolina",335207,41992,12.527184694830359
37053,"Currituck County, North Carolina",28616,1360,4.752585965893206
37055,"Dare County, North Carolina",37160,2809,7.559203444564047
37057,"Davidson County, North Carolina",169498,13291,7.8413904588844705
37059,"Davie County, North Carolina",43030,3157,7.336741808040902
37061,"Duplin County, North Carolina",49312,11446,23.21138870863076
37063,"Durham County, North Carolina",325101,44807,13.782486058178842
37065,"Edgecombe County, North Carolina",49067,2652,5.404854586585689
37067,"Forsyth County, North Carolina",383739,52425,13.66162938872515
37069,"Franklin County, North Carolina",69680,6537,9.38145809414466
37071,"Gaston County, North Carolina",228972,18383,8.028492566776723
37073,"Gates County, North Carolina",10509,337,3.206775145113712
37075,"Graham County, North Carolina",8047,332,4.125761153224804
37077,"Granville County, North Carolina",61161,5704,9.326204607511322
37079,"Greene County, North Carolina",20407,3243,15.891605821531826
37081,"Guilford County, North Carolina",539557,46429,8.605022268268229
37083,"Halifax County, North Carolina",48772,1592,3.2641679652259494
37085,"Harnett County, North Carolina",134718,18477,13.715316438783237
37087,"Haywood County, North Carolina",62152,2812,4.524391813618226
37089,"Henderson County, North Carolina",116469,12313,10.571911839201848
37091,"Hertford County, North Carolina",21633,1004,4.641057643415153
37093,"Hoke County, North Carolina",52612,7758,14.745685394966928
37095,"Hyde County, North Carolina",4636,573,12.35979292493529
37097,"Iredell County, North Carolina",187839,15549,8.277833676712504
37099,"Jackson County, North Carolina",42388,2768,6.530150042464848
37101,"Johnston County, North Carolina",219042,31751,14.495393577487423
37103,"Jones County, North Carolina",9263,529,5.71089279930908
37105,"Lee County, North Carolina",63560,12691,19.96696035242291
37107,"Lenoir County, North Carolina",55071,4553,8.267509215376515
37109,"Lincoln County, North Carolina",87933,6642,7.553478216369282
37111,"McDowell County, North Carolina",44629,2884,6.46216585628179
37113,"Macon County, North Carolina",37088,2918,7.867773943054357
37115,"Madison County, North Carolina",21414,571,2.666479872980293
37117,"Martin County, North Carolina",21992,959,4.360676609676246
37119,"Mecklenburg County, North Carolina",1115403,155481,13.939446101543568
37121,"Mitchell County, North Carolina",14989,901,6.011074788177997
37123,"Montgomery County, North Carolina",25839,4112,15.913928557606718
37125,"Moore County, North Carolina",100759,7384,7.328377613910419
37127,"Nash County, North Carolina",95015,7122,7.495658580224175
37129,"New Hanover County, North Carolina",228134,13857,6.074061735646594
37131,"Northampton County, North Carolina",17528,463,2.64148790506618
37133,"Onslow County, North Carolina",203686,27060,13.285154600708934
37135,"Orange County, North Carolina",145919,12740,8.73087123678205
37137,"Pamlico County, North Carolina",12317,553,4.489729641958269
37139,"Pasquotank County, North Carolina",40454,2501,6.182330548277055
37141,"Pender County, North Carolina",61592,4804,7.799714248603714
37143,"Perquimans County, North Carolina",13053,415,3.179345744273347
37145,"Person County, North Carolina",39131,1911,4.883596125833738
37147,"Pitt County, North Carolina",171196,11540,6.740811701207972
37149,"Polk County, North Carolina",19538,1162,5.947384583887808
37151,"Randolph County, North Carolina",144403,17837,12.352236449381246
37153,"Richmond County, North Carolina",43149,3085,7.149644255950312
37155,"Robeson County, North Carolina",117573,11005,9.360142209520893
37157,"Rockingham County, North Carolina",91209,5910,6.479623721343289
37159,"Rowan County, North Carolina",147067,14375,9.774456540216365
37161,"Rutherford County, North Carolina",64680,3250,5.024737167594311
37163,"Sampson County, North Carolina",59317,12462,21.009154205371143
37165,"Scotland County, North Carolina",34222,1234,3.6058675705686403
37167,"Stanly County, North Carolina",62723,2995,4.774962932257704
37169,"Stokes County, North Carolina",44696,1603,3.586450689099695
37171,"Surry County, North Carolina",71429,8217,11.503730977614135
37173,"Swain County, North Carolina",14130,973,6.886058032554848
37175,"Transylvania County, North Carolina",33131,1148,3.4650327487851253
37177,"Tyrrell County, North Carolina",3389,291,8.586603717910888
37179,"Union County, North Carolina",240109,28320,11.794643266183275
37181,"Vance County, North Carolina",42492,3619,8.516897298314976
37183,"Wake County, North Carolina",1132103,117995,10.422638222847215
37185,"Warren County, North Carolina",18803,791,4.206775514545551
37187,"Washington County, North Carolina",11051,684,6.189485114469279
37189,"Watauga County, North Carolina",54540,2165,3.9695636230289697
37191,"Wayne County, North Carolina",117480,14934,12.711950970377936
37193,"Wilkes County, North Carolina",66125,4629,7.000378071833649
37195,"Wilson County, North Carolina",78667,8791,11.174952648505727
37197,"Yadkin County, North Carolina",37280,4319,11.58530042918455
37199,"Yancey County, North Carolina",18538,1001,5.399719495091164
45001,"Abbeville County, South Carolina",24368,441,1.8097504924491137
45003,"Aiken County, South Carolina",169865,10466,6.161363435669502
45005,"Allendale County, South Carolina",8073,300,3.716090672612412
45007,"Anderson County, South Carolina",204592,8570,4.188824587471651
45009,"Bamberg County, South Carolina",13311,219,1.6452558034708136
45011,"Barnwell County, South Carolina",20653,580,2.808308720282768
45013,"Beaufort County, South Carolina",189071,21259,11.243924240100279
45015,"Berkeley County, South Carolina",231419,16866,7.288079198337215
45017,"Calhoun County, South Carolina",14145,590,4.171085189112761
45019,"Charleston County, South Carolina",409840,22152,5.405036111653328
45021,"Cherokee County, South Carolina",56200,2765,4.919928825622775
45023,"Chester County, South Carolina",32171,758,2.3561592738802024
45025,"Chesterfield County, South Carolina",43536,2123,4.876424108783536
45027,"Clarendon County, South Carolina",31163,1049,3.366171421236723
45029,"Colleton County, South Carolina",38561,1476,3.8277015637561265
45031,"Darlington County, South Carolina",63025,1493,2.3689012296707657
45033,"Dillon County, South Carolina",28255,889,3.1463457795080516
45035,"Dorchester County, South Carolina",162139,9906,6.109572650626931
45037,"Edgefield County, South Carolina",26181,1800,6.8752148504640775
45039,"Fairfield County, South Carolina",20942,551,2.6310763059879667
45041,"Florence County, South Carolina",137015,4022,2.9354450242674157
45043,"Georgetown County, South Carolina",63594,2058,3.236154354184357
45045,"Greenville County, South Carolina",528251,52135,9.869361345269578
45047,"Greenwood County, South Carolina",69309,4520,6.521519571772785
45049,"Hampton County, South Carolina",18890,929,4.917946003176284
45051,"Horry County, South Carolina",356578,22350,6.267913331725457
45053,"Jasper County, South Carolina",29444,4153,14.104741203640812
45055,"Kershaw County, South Carolina",65779,3392,5.156660940421715
45057,"Lancaster County, South Carolina",97611,6103,6.252369097745131
45059,"Laurens County, South Carolina",67456,3776,5.597722960151803
45061,"Lee County, South Carolina",16557,428,2.5850093615993237
45063,"Lexington County, South Carolina",295934,19189,6.484216075205958
45065,"McCormick County, South Carolina",9612,60,0.6242197253433208
45067,"Marion County, South Carolina",29212,956,3.2726276872518145
45069,"Marlboro County, South Carolina",26585,917,3.4493135226631564
45071,"Newberry County, South Carolina",37918,3083,8.13070309615486
45073,"Oconee County, South Carolina",78775,4586,5.821643922564265
45075,"Orangeburg County, South Carolina",84159,2078,2.4691358024691357
45077,"Pickens County, South Carolina",131106,5451,4.157704452885452
45079,"Richland County, South Carolina",416161,22616,5.434435230595851
45081,"Saluda County, South Carolina",18952,3056,16.124947235120306
45083,"Spartanburg County, South Carolina",330119,25019,7.578782196722999
45085,"Sumter County, South Carolina",105199,4516,4.292816471639465
45087,"Union County, South Carolina",27158,496,1.8263495102732161
45089,"Williamsburg County, South Carolina",30879,912,2.953463518896337
45091,"York County, South Carolina",282987,17821,6.297462427602682
13001,"Appling County, Georgia",18441,1898,10.292283498725666
13003,"Atkinson County, Georgia",8265,2258,27.320024198427102
13005,"Bacon County, Georgia",11138,968,8.690967857784162
13007,"Baker County, Georgia",2878,24,0.8339124391938846
13009,"Baldwin County, Georgia",43778,1161,2.6520169948375893
13011,"Banks County, Georgia",18381,1409,7.665524182579837
13013,"Barrow County, Georgia",84399,11133,13.190914584296024
13015,"Bartow County, Georgia",109410,10489,9.586875057124578
13017,"Ben Hill County, Georgia",17169,1121,6.529209621993128
13019,"Berrien County, Georgia",18187,1030,5.663385935008523
13021,"Bibb County, Georgia",156554,5853,3.7386460901669714
13023,"Bleckley County, Georgia",12413,425,3.4238298557963427
13025,"Brantley County, Georgia",18105,474,2.6180613090306544
13027,"Brooks County, Georgia",16275,1238,7.606758832565284
13029,"Bryan County, Georgia",44995,3669,8.15423935992888
13031,"Bulloch County, Georgia",79829,3550,4.447005474201105
13033,"Burke County, Georgia",24337,863,3.5460410075194146
13035,"Butts County, Georgia",25522,939,3.6791787477470415
13037,"Calhoun County, Georgia",5594,314,5.613156953879156
13039,"Camden County, Georgia",55105,4117,7.471191361945377
13043,"Candler County, Georgia",10946,1338,12.223643340032888
13045,"Carroll County, Georgia",120060,8950,7.454606030318174
13047,"Catoosa County, Georgia",68052,2308,3.3915241286075357
13049,"Charlton County, Georgia",12547,754,6.009404638559018
13051,"Chatham County, Georgia",296266,20098,6.783768640343475
13053,"Chattahoochee County, Georgia",9402,1654,17.592001701765582
13055,"Chattooga County, Georgia",24902,1418,5.694321741225605
13057,"Cherokee County, Georgia",268567,29950,11.1517796304088
13059,"Clarke County, Georgia",128864,14220,11.034889495902657
13061,"Clay County, Georgia",2855,12,0.42031523642732055
13063,"Clayton County, Georgia",296312,39824,13.439887685952645
13065,"Clinch County, Georgia",6713,384,5.720244302100403
13067,"Cobb County, Georgia",765813,103006,13.450542103620597
13069,"Coffee County, Georgia",43056,5297,12.302582683017466
13071,"Colquitt County, Georgia",45813,9214,20.11219522842861
13073,"Columbia County, Georgia",156921,11504,7.331077421122731
13075,"Cook County, Georgia",17242,1138,6.600162394153811
13077,"Coweta County, Georgia",147449,11189,7.588386492956886
13079,"Crawford County, Georgia",12156,473,3.89108259295821
13081,"Crisp County, Georgia",20255,812,4.008886694643298
13083,"Dade County, Georgia",16239,419,2.580208140895375
13085,"Dawson County, Georgia",27355,1592,5.819777006031804
13087,"Decatur County, Georgia",29063,1940,6.675153975845577
13089,"DeKalb County, Georgia",761209,64968,8.534843912775598
13091,"Dodge County, Georgia",19977,816,4.084697402012314
13093,"Dooly County, Georgia",11236,832,7.404770380918476
13095,"Dougherty County, Georgia",85038,2685,3.1574119805263527
13097,"Douglas County, Georgia",144735,15512,10.717518222959201
13099,"Early County, Georgia",10753,230,2.138937970798847
13101,"Echols County, Georgia",3707,1149,30.995414081467494
13103,"Effingham County, Georgia",65314,3597,5.507241938941116
13105,"Elbert County, Georgia",19570,1212,6.193152784874808
13107,"Emanuel County, Georgia",22907,1095,4.78019819269219
13109,"Evans County, Georgia",10759,1298,12.064318245190075
13111,"Fannin County, Georgia",25436,708,2.7834565183204907
13113,"Fayette County, Georgia",119259,9219,7.730234196161296
13115,"Floyd County, Georgia",98541,11647,11.81944571295197
13117,"Forsyth County, Georgia",253225,24347,9.614769473788133
13119,"Franklin County, Georgia",23480,1243,5.293867120954003
13121,"Fulton County, Georgia",1061944,77523,7.300102453613373
13123,"Gilmer County, Georgia",31519,3915,12.421079348964117
13125,"Glascock County, Georgia",2903,37,1.2745435756114365
13127,"Glynn County, Georgia",84566,5782,6.837263202705579
13129,"Gordon County, Georgia",57785,9705,16.795016007614432
13131,"Grady County, Georgia",26075,3092,11.85810162991371
13133,"Greene County, Georgia",19020,1249,6.56677181913775
13135,"Gwinnett County, Georgia",957977,209070,21.824114775198154
13137,"Habersham County, Georgia",46326,7549,16.29538488106031
13139,"Hall County, Georgia",204953,60087,29.317453269774045
13141,"Hancock County, Georgia",8588,61,0.7102934326967862
13143,"Haralson County, Georgia",30178,665,2.203592020677315
13145,"Harris County, Georgia",34914,1551,4.44234404536862
13147,"Hart County, Georgia",26110,1028,3.9371888165453846
13149,"Heard County, Georgia",11489,366,3.1856558447210372
13151,"Henry County, Georgia",240853,18331,7.610866379077695
13153,"Houston County, Georgia",164117,11108,6.768342097406118
13155,"Irwin County, Georgia",9487,393,4.142510804258459
13157,"Jackson County, Georgia",77033,7104,9.222021730946478
13159,"Jasper County, Georgia",14882,607,4.078752855798952
13161,"Jeff Davis County, Georgia",14791,1946,13.156649313771887
13163,"Jefferson County, Georgia",15591,627,4.021550894746969
13165,"Jenkins County, Georgia",8704,654,7.513786764705882
13167,"Johnson County, Georgia",9225,271,2.937669376693767
13169,"Jones County, Georgia",28382,579,2.040025368191107
13171,"Lamar County, Georgia",18676,542,2.902120368387235
13173,"Lanier County, Georgia",9964,728,7.306302689682859
13175,"Laurens County, Georgia",49407,1437,2.908494747707815
13177,"Lee County, Georgia",32968,1082,3.2819703955350645
13179,"Liberty County, Georgia",65550,8300,12.662090007627766
13181,"Lincoln County, Georgia",7726,171,2.2133057209422726
13183,"Long County, Georgia",16804,1965,11.693644370388002
13185,"Lowndes County, Georgia",118257,7360,6.223733055971317
13187,"Lumpkin County, Georgia",33405,1736,5.196826822331986
13189,"McDuffie County, Georgia",21715,766,3.5275155422518996
13191,"McIntosh County, Georgia",11183,290,2.5932218546007335
13193,"Macon County, Georgia",12099,572,4.7276634432597735
13195,"Madison County, Georgia",30378,1963,6.461913226677201
13197,"Marion County, Georgia",7508,622,8.28449653702717
13199,"Meriwether County, Georgia",20679,559,2.703225494462982
13201,"Miller County, Georgia",5923,173,2.9208171534695255
13205,"Mitchell County, Georgia",21634,1079,4.9875196450032355
13207,"Monroe County, Georgia",28287,717,2.534733269699862
13209,"Montgomery County, Georgia",8687,645,7.424887763324508
13211,"Morgan County, Georgia",20171,655,3.2472361310792723
13213,"Murray County, Georgia",40063,6369,15.897461498140428
13215,"Muscogee County, Georgia",204572,16356,7.995229063605967
13217,"Newton County, Georgia",113298,7145,6.30637787074794
13219,"Oconee County, Georgia",41978,2398,5.71251607985135
13221,"Oglethorpe County, Georgia",14974,881,5.8835314545211705
13223,"Paulding County, Georgia",169898,12894,7.589259438015751
13225,"Peach County, Georgia",28054,2297,8.18778070863335
13227,"Pickens County, Georgia",33439,1111,3.3224677771464455
13229,"Pierce County, Georgia",19822,1005,5.07012410453032
13231,"Pike County, Georgia",19145,366,1.911726299294855
13233,"Polk County, Georgia",43019,5947,13.824124224180013
13235,"Pulaski County, Georgia",9887,413,4.177202386972793
13237,"Putnam County, Georgia",22206,1422,6.403674682518239
13239,"Quitman County, Georgia",2180,83,3.8073394495412844
13241,"Rabun County, Georgia",16915,1350,7.981081879988176
13243,"Randolph County, Georgia",6365,210,3.2992930086410057
13245,"Richmond County, Georgia",206153,10963,5.31789496150917
13247,"Rockdale County, Georgia",93641,9789,10.453754231586592
13249,"Schley County, Georgia",4565,262,5.739320920043812
13251,"Screven County, Georgia",14026,365,2.6023099957222304
13253,"Seminole County, Georgia",9117,324,3.5538005923000986
13255,"Spalding County, Georgia",67415,3444,5.108655343766224
13257,"Stephens County, Georgia",26732,1114,4.167290139159061
13259,"Stewart County, Georgia",5121,657,12.82952548330404
13261,"Sumter County, Georgia",29378,1787,6.082783034924093
13263,"Talbot County, Georgia",5793,54,0.9321595028482652
13265,"Taliaferro County, Georgia",1635,98,5.99388379204893
13267,"Tattnall County, Georgia",24309,3039,12.501542638528939
13269,"Taylor County, Georgia",7799,54,0.6923964610847545
13271,"Telfair County, Georgia",12619,2194,17.38648070370077
13273,"Terrell County, Georgia",9004,270,2.9986672589960017
13275,"Thomas County, Georgia",45665,1784,3.906711923792839
13277,"Tift County, Georgia",41247,5202,12.611826314641064
13279,"Toombs County, Georgia",26946,3254,12.076003859570994
13281,"Towns County, Georgia",12546,362,2.8853817949944207
13283,"Treutlen County, Georgia",6411,60,0.9358914365933552
13285,"Troup County, Georgia",69527,2712,3.900642915701814
13287,"Turner County, Georgia",8894,457,5.138295480098943
13289,"Twiggs County, Georgia",7955,80,1.005656819610308
13291,"Union County, Georgia",24880,935,3.758038585209003
13293,"Upson County, Georgia",27638,668,2.416962153556697
13295,"Walker County, Georgia",68065,1811,2.660691985601998
13297,"Walton County, Georgia",97752,5282,5.403470005728783
13299,"Ware County, Georgia",35917,1633,4.546593535094802
13301,"Warren County, Georgia",5197,0,0.0
13303,"Washington County, Georgia",19975,560,2.8035043804755944
13305,"Wayne County, Georgia",30277,1966,6.493377811540113
13307,"Webster County, Georgia",2354,345,14.65590484282073
13309,"Wheeler County, Georgia",7550,428,5.668874172185431
13311,"White County, Georgia",28165,965,3.4262382389490504
13313,"Whitfield County, Georgia",103033,37885,36.76977279124164
13315,"Wilcox County, Georgia",8839,416,4.70641475280009
13317,"Wilkes County, Georgia",9610,544,5.660770031217481
13319,"Wilkinson County, Georgia",8852,278,3.140533212833258
13321,"Worth County, Georgia",20706,522,2.5210084033613445
