fips,NAME,total_population,org_count_501c3,orgs_per_1000,social_associations_per_10k,voter_turnout_pct,volunteering_rate,civic_organizations_per_1k
10001,"Kent County, Delaware",182400.0,1234,6.765350877192982,9.7889230045,65.13847305,0.053720001,0.01685
10003,"New Castle County, Delaware",570567.0,6001,10.517607923346425,10.564836471,70.0988241,0.058460001,0.01749
10005,"Sussex County, Delaware",240668.0,1317,5.472268851696112,8.9077810249,72.16894022,0.057270002,0.018230001
11033,,,1,,,,,
13001,"Appling County, Georgia",18441.0,56,3.036711675071851,11.395702192,62.83239171,0.049869999,0.01292
13003,"Atkinson County, Georgia",8265.0,20,2.419842710223836,4.888182818,60.49856184,0.022980001,0.0089499997
13005,"Bacon County, Georgia",11138.0,33,2.962829951517328,8.0421767492,57.951582869999996,0.02795,0.00923
13007,"Baker County, Georgia",2878.0,1,0.34746351633078526,0.0,62.57545272,0.033110324,0.021789122
13009,"Baldwin County, Georgia",43778.0,135,3.083740691671616,9.166953134,50.5988356,0.035100002,0.019239999
13011,"Banks County, Georgia",18381.0,93,5.059572384527501,6.7259933775,62.7746077,0.07299,0.01743
13013,"Barrow County, Georgia",84399.0,239,2.8317871064823046,5.9351168546,66.51056738999999,0.054409999,0.0087200003
13015,"Bartow County, Georgia",109410.0,307,2.8059592359016543,6.7366331017,64.79265631,0.058540002,0.01283
13017,"Ben Hill County, Georgia",17169.0,65,3.7858931795678257,9.3737184369,53.33333333,0.021330001,0.0132
13019,"Berrien County, Georgia",18187.0,54,2.9691537911695165,5.4902822005,54.07122905,0.045759998,0.0097399997
13021,"Bibb County, Georgia",156554.0,745,4.7587413927462725,12.548256369,62.19703957,0.05466,0.01306
13023,"Bleckley County, Georgia",12413.0,38,3.061306694594377,12.237904871,55.7771261,0.10004,0.01389
13025,"Brantley County, Georgia",18105.0,58,3.2035349351008007,7.1495352802,54.49173408,0.047350001,0.01177
13027,"Brooks County, Georgia",16275.0,67,4.116743471582181,8.6137943764,60.093101989999994,0.028109999,0.021779999
13029,"Bryan County, Georgia",44995.0,172,3.8226469607734193,6.2208398134,81.00208768,0.084129997,0.0090500005
13031,"Bulloch County, Georgia",79829.0,157,1.9667038294354182,7.1033843413,49.80794702,0.10514,0.01787
13033,"Burke County, Georgia",24337.0,67,2.753009820438016,9.4308676398,64.67312349,0.046379998,0.01444
13035,"Butts County, Georgia",25522.0,113,4.427552699631691,7.1297234418,61.57991106,0.058839999,0.015760001
13037,"Calhoun County, Georgia",5594.0,0,0.0,12.799414884,43.967935870000005,0.022070305,0.0084098652
13039,"Camden County, Georgia",55105.0,171,3.103166681789311,8.4191324786,59.45037018,0.080300003,0.0131
13043,"Candler County, Georgia",10946.0,43,3.928375662342408,7.2727272727,58.37944664,0.098509997,0.017309999
13045,"Carroll County, Georgia",120060.0,432,3.598200899550225,9.9524849107,62.54190586,0.067560002,0.01465
13047,"Catoosa County, Georgia",68052.0,188,2.7625933109974725,7.1194025514,63.726659500000004,0.054699998,0.01874
13049,"Charlton County, Georgia",12547.0,23,1.8331075157408145,4.6944683515,46.734902760000004,0.057920001,0.01082
13051,"Chatham County, Georgia",296266.0,1374,4.637724207300196,11.291667082,61.012918709999994,0.05655,0.01543
13053,"Chattahoochee County, Georgia",9402.0,13,1.3826845352052755,0.0,19.422958870000002,0.075120002,0.021640001
13055,"Chattooga County, Georgia",24902.0,88,3.533852702594169,10.025665704,54.017737170000004,0.04025,0.01192
13057,"Cherokee County, Georgia",268567.0,622,2.3159956360982545,6.8615391179,80.68748433,0.065399997,0.01187
13059,"Clarke County, Georgia",128864.0,636,4.935435808294015,10.548604427,52.616851170000004,0.072729997,0.019300001
13061,"Clay County, Georgia",2855.0,0,0.0,10.544815466,61.41327623,0.033174369,0.017339068
13063,"Clayton County, Georgia",296312.0,734,2.4771187127082266,4.1475027313,59.26566786000001,0.02438,0.0147
13065,"Clinch County, Georgia",6713.0,25,3.7241173841799493,18.012608826,58.62845445,0.12337,0.015659999
13067,"Cobb County, Georgia",765813.0,2929,3.8246934956706142,7.7465956433,75.27524733999999,0.055270001,0.01507
13069,"Coffee County, Georgia",43056.0,70,1.6257896692679303,9.0336329102,49.164646950000005,0.03655,0.01225
13071,"Colquitt County, Georgia",45813.0,116,2.532032392552332,8.9593986277,52.64484452,0.027829999,0.0072400002
13073,"Columbia County, Georgia",156921.0,425,2.708369179396002,7.6345747727,72.72144759,0.06112,0.01039
13075,"Cook County, Georgia",17242.0,59,3.421876812434752,6.8949666743,56.122856,0.038690001,0.01454
13077,"Coweta County, Georgia",147449.0,576,3.906435445476063,7.3913214113,72.80216134,0.059190001,0.01311
13079,"Crawford County, Georgia",12156.0,19,1.563014149391247,6.589785832,62.64887064,0.04479,0.0298
13081,"Crisp County, Georgia",20255.0,55,2.7153789187854853,9.1333468642,47.52586462,0.033679999,0.00911
13083,"Dade County, Georgia",16239.0,74,4.556930845495412,9.3277781233,57.42757822,0.053950001,0.02307
13085,"Dawson County, Georgia",27355.0,137,5.00822518735149,10.617824673,80.24451098,0.047600001,0.01539
13087,"Decatur County, Georgia",29063.0,0,0.0,8.9710855013,59.42754918999999,0.025459999,0.01336
13089,"DeKalb County, Georgia",761209.0,4610,6.056155405414282,7.3018536483,70.98901099,0.06205,0.01396
13091,"Dodge County, Georgia",19977.0,79,3.954547729889373,11.10998889,48.84987893,0.082970001,0.01459
13093,"Dooly County, Georgia",11236.0,45,4.00498398006408,8.5130533485,37.93900185,0.0254,0.01452
13095,"Dougherty County, Georgia",85038.0,590,6.938074743056045,11.450473688,53.19523953,0.042180002,0.01285
13097,"Douglas County, Georgia",144735.0,674,4.656786540919612,5.4983844253,67.68575207,0.047040001,0.01271
13099,"Early County, Georgia",10753.0,0,0.0,10.402874976,68.07086613999999,0.020819999,0.01206
13101,"Echols County, Georgia",3707.0,6,1.6185594820609657,0.0,50.121739129999995,0.026256939,0.035384431
13103,"Effingham County, Georgia",65314.0,203,3.1080625899500873,7.0972320795,70.53960451,0.062339999,0.01007
13105,"Elbert County, Georgia",19570.0,109,5.5697496167603475,10.59856667,62.00811359,0.024390001,0.01685
13107,"Emanuel County, Georgia",22907.0,86,3.754310909329026,9.1587073139,57.49470499,0.070720002,0.01168
13109,"Evans County, Georgia",10759.0,37,3.4389813179663538,13.090229079,57.00671141,0.04843,0.01558
13111,"Fannin County, Georgia",25436.0,147,5.779210567699324,14.376189921,69.53874971,0.12335,0.023949999
13113,"Fayette County, Georgia",119259.0,914,7.6639918161312774,12.537900516,87.13749697,0.060589999,0.023669999
13115,"Floyd County, Georgia",98541.0,299,3.034269999289636,9.4526512676,58.96644485,0.049770001,0.01774
13117,"Forsyth County, Georgia",253225.0,0,0.0,5.7626750787,85.90838122,0.058619998,0.019300001
13119,"Franklin County, Georgia",23480.0,97,4.131175468483816,13.262599469,61.1995452,0.031289998,0.017270001
13121,"Fulton County, Georgia",1061944.0,9015,8.489148203671757,9.659102541,69.66750322,0.055670001,0.02132
13123,"Gilmer County, Georgia",31519.0,108,3.426504647990101,5.8629308483,69.0267335,0.053939998,0.021980001
13125,"Glascock County, Georgia",2903.0,16,5.511539786427834,13.610071453,67.35483871,0.035020001,0.01397
13127,"Glynn County, Georgia",84566.0,388,4.588132346333042,11.871319597,65.32441263,0.062180001,0.02049
13129,"Gordon County, Georgia",57785.0,141,2.440079605433936,10.855921566,59.47290275,0.038320001,0.01542
13131,"Grady County, Georgia",26075.0,0,0.0,10.765918179,61.60529344,0.042769998,0.01444
13133,"Greene County, Georgia",19020.0,99,5.205047318611988,10.92407766,80.33571429,0.023700001,0.02196
13135,"Gwinnett County, Georgia",957977.0,1109,1.157647834968898,7.1666360795,73.59300816,0.042490002,0.01495
13137,"Habersham County, Georgia",46326.0,177,3.8207486076933037,11.163770405,62.131670969999995,0.035659999,0.017340001
13139,"Hall County, Georgia",204953.0,585,2.854312940039912,7.099467775,70.29001825,0.03537,0.01316
13141,"Hancock County, Georgia",8588.0,31,3.609687936655799,0.0,56.05652759,0.0213688,0.019992953
13143,"Haralson County, Georgia",30178.0,99,3.280535489429386,9.2542362064,63.55040143,0.078220002,0.01506
13145,"Harris County, Georgia",34914.0,130,3.7234347253250846,9.0969235858,73.99962984,0.063610002,0.01311
13147,"Hart County, Georgia",26110.0,105,4.021447721179625,12.635177822,62.34141563,0.030549999,0.02258
13149,"Heard County, Georgia",11489.0,25,2.1759944294542604,5.9701492537,60.100334450000005,0.02774,0.01499
13151,"Henry County, Georgia",240853.0,1243,5.160824237190319,5.7174147622,74.20918984,0.040890001,0.01213
13153,"Houston County, Georgia",164117.0,546,3.3268948372197884,6.8383727031,66.66933975,0.046259999,0.01196
13155,"Irwin County, Georgia",9487.0,31,3.2676293875830082,4.3830813062,56.82344922,0.02039,0.01135
13157,"Jackson County, Georgia",77033.0,343,4.452637181467683,7.7439954251,73.69656657,0.05745,0.0097700004
13159,"Jasper County, Georgia",14882.0,48,3.2253729337454646,5.0153595386,72.35210601,0.04527,0.01341
13161,"Jeff Davis County, Georgia",14791.0,48,3.2452166858224594,8.7312781248,52.463636359999995,0.01723,0.0079600001
13163,"Jefferson County, Georgia",15591.0,72,4.618048874350587,11.100953376,65.70937231,0.02393,0.01616
13165,"Jenkins County, Georgia",8704.0,30,3.4466911764705883,10.357923812,51.837959489999996,0.050489999,0.017899999
13167,"Johnson County, Georgia",9225.0,26,2.8184281842818426,12.984202554,52.19605347,0.068729997,0.01179
13169,"Jones County, Georgia",28382.0,60,2.1140159255866395,5.2683338016,68.47860901,0.045910001,0.01956
13171,"Lamar County, Georgia",18676.0,86,4.604840436924395,6.1642780089,61.11561866,0.06036,0.018309999
13173,"Lanier County, Georgia",9964.0,24,2.4086712163789645,6.882312457,44.47761194,0.059440002,0.0167
13175,"Laurens County, Georgia",49407.0,171,3.4610480296314288,11.276681434,64.30612534,0.027140001,0.01493
13177,"Lee County, Georgia",32968.0,89,2.6995874787672896,4.1614648356,76.95211786,0.091509998,0.0090800002
13179,"Liberty County, Georgia",65550.0,175,2.6697177726926014,7.0557107159,49.678318430000004,0.040109999,0.01336
13181,"Lincoln County, Georgia",7726.0,30,3.8829924928811805,17.854865451,74.4,0.030990001,0.021509999
13183,"Long County, Georgia",16804.0,30,1.7852892168531302,3.8151297144,42.00519866,0.04747,0.0078800004
13185,"Lowndes County, Georgia",118257.0,344,2.9089187109431154,9.0196176684,53.617488869999995,0.043620002,0.01181
13187,"Lumpkin County, Georgia",33405.0,138,4.1311180960934,4.3108403265,58.585439459999996,0.047619998,0.026769999
13189,"McDuffie County, Georgia",21715.0,90,4.144600506562284,11.513839635,66.1081252,0.026690001,0.01278
13191,"McIntosh County, Georgia",11183.0,64,5.722972368774032,5.366726297,56.43489254000001,0.059009999,0.031629998
13193,"Macon County, Georgia",12099.0,43,3.554012728324655,9.3497662558,44.48473282,0.023159999,0.01189
13195,"Madison County, Georgia",30378.0,99,3.258937388899862,9.2142471325,66.92204301,0.058729999,0.01308
13197,"Marion County, Georgia",7508.0,17,2.264251465103889,4.0273862263,56.625,0.036710002,0.0095600002
13199,"Meriwether County, Georgia",20679.0,70,3.3850766478069536,10.074358359,65.86133817999999,0.0392,0.0153
13201,"Miller County, Georgia",5923.0,0,0.0,10.3323575,64.65222349000001,0.028410001,0.019029999
13205,"Mitchell County, Georgia",21634.0,83,3.836553573079412,10.418639894,53.57441721,0.033300001,0.01277
13207,"Monroe County, Georgia",28287.0,85,3.00491391805423,9.8548951643,72.82578234,0.05229,0.01795
13209,"Montgomery County, Georgia",8687.0,25,2.877863474156786,6.9324090121,56.57631954,0.034159999,0.029100001
13211,"Morgan County, Georgia",20171.0,116,5.750830400079321,10.936236984,81.58188153,0.080410004,0.025450001
13213,"Murray County, Georgia",40063.0,76,1.8970122057759031,3.2120972524,54.96071429,0.036839999,0.0083600003
13215,"Muscogee County, Georgia",204572.0,982,4.800265921044914,10.265724326,56.25886215,0.05508,0.0165
13217,"Newton County, Georgia",113298.0,1,0.008826281134706702,6.971544197,69.29287767,0.042690001,0.01411
13219,"Oconee County, Georgia",41978.0,235,5.59817047024632,11.92988896,90.54865983,0.067400001,0.02179
13221,"Oglethorpe County, Georgia",14974.0,47,3.1387738747161746,5.1716335898,69.88397078,0.10809,0.0218
13223,"Paulding County, Georgia",169898.0,311,1.8305100707483313,4.4277299197,72.66808511,0.080030002,0.01173
13225,"Peach County, Georgia",28054.0,141,5.026021244742283,5.9519641482,59.894963000000004,0.03774,0.01249
13227,"Pickens County, Georgia",33439.0,188,5.622177696701456,8.0399701373,67.89369298,0.08241,0.020780001
13229,"Pierce County, Georgia",19822.0,70,3.5314297245484814,9.9166997223,63.67346939,0.041669998,0.01664
13231,"Pike County, Georgia",19145.0,79,4.126403760773048,10.005002501,75.786497,0.085309997,0.01994
13233,"Polk County, Georgia",43019.0,139,3.2311304307399054,9.6090050104,58.91974263,0.040169999,0.01168
13235,"Pulaski County, Georgia",9887.0,33,3.337716192980682,9.0144230769,44.409190370000005,0.03712,0.01133
13237,"Putnam County, Georgia",22206.0,113,5.088714761776097,10.442046641,69.22627737,0.03221,0.01517
13239,"Quitman County, Georgia",2180.0,0,0.0,0.0,57.90575916,0.015235725,0.023445917
13241,"Rabun County, Georgia",16915.0,114,6.739580254212237,15.111007788,71.42963792,0.06419,0.034790002
13243,"Randolph County, Georgia",6365.0,0,0.0,11.445389143,60.99206349000001,0.021020001,0.018829999
13245,"Richmond County, Georgia",206153.0,1056,5.122409084514899,9.6302748742,56.910398949999994,0.040429998,0.01719
13247,"Rockdale County, Georgia",93641.0,1,0.010679082880362236,8.0013475954,68.95455598,0.035119999,0.02373
13249,"Schley County, Georgia",4565.0,16,3.5049288061336257,17.793594306,56.94618273,0.087300003,0.01815
13251,"Screven County, Georgia",14026.0,2,0.14259232853272494,12.878300064,60.19981835,0.07096,0.01592
13253,"Seminole County, Georgia",9117.0,0,0.0,13.147803221,59.70791699,0.050179999,0.0084100002
13255,"Spalding County, Georgia",67415.0,299,4.435214714826078,9.2862635848,60.626069449999996,0.07023,0.015659999
13257,"Stephens County, Georgia",26732.0,136,5.087535537932067,12.702207943,59.55900777000001,0.036200002,0.018890001
13259,"Stewart County, Georgia",5121.0,21,4.100761570005858,0.0,50.571791610000005,0.034652516,0.0086770775
13261,"Sumter County, Georgia",29378.0,131,4.459119068690857,11.081483534,54.989816700000006,0.077380002,0.01866
13263,"Talbot County, Georgia",5793.0,26,4.48817538408424,5.2201148425,67.79595765,0.021144053,0.019698191
13265,"Taliaferro County, Georgia",1635.0,11,6.72782874617737,0.0,69.25373134,0.045559488,0.013426044
13267,"Tattnall County, Georgia",24309.0,56,2.3036735365502485,11.220079787,43.09110058,0.065159999,0.01312
13269,"Taylor County, Georgia",7799.0,38,4.87241954096679,11.632415665,60.40912667,0.033500001,0.018999999
13271,"Telfair County, Georgia",12619.0,36,2.852840954116808,9.7134531326,37.09760274,0.024599999,0.00868
13273,"Terrell County, Georgia",9004.0,1,0.11106175033318524,4.5693397304,68.83865939,0.028659999,0.01498
13275,"Thomas County, Georgia",45665.0,244,5.343260702945363,14.486073616,65.61477256,0.037360001,0.017720001
13277,"Tift County, Georgia",41247.0,178,4.315465367178219,11.832319135,56.09025146,0.047230002,0.01218
13279,"Toombs County, Georgia",26946.0,95,3.525569657834187,13.786935947,57.929936309999995,0.044459999,0.01373
13281,"Towns County, Georgia",12546.0,74,5.898294277060417,10.021584952,77.730151,0.065180004,0.02647
13283,"Treutlen County, Georgia",6411.0,25,3.899547652472313,10.997643362,60.99108028,0.04589,0.0079500005
13285,"Troup County, Georgia",69527.0,354,5.091547168725819,12.822156687,58.404275999999996,0.035580002,0.01544
13287,"Turner County, Georgia",8894.0,28,3.1481897908702496,12.440624293,64.65473146000001,0.03345,0.01473
13289,"Twiggs County, Georgia",7955.0,27,3.3940917661847894,9.1145833333,68.1595092,0.047370002,0.02421
13291,"Union County, Georgia",24880.0,114,4.581993569131833,10.610883735,78.17131374,0.097199999,0.03108
13293,"Upson County, Georgia",27638.0,101,3.654388884868659,10.325429039,64.525,0.04549,0.01379
13295,"Walker County, Georgia",68065.0,203,2.9824432527730846,9.2868025829,54.42981643,0.0537,0.01148
13297,"Walton County, Georgia",97752.0,149,1.524265488174155,5.9185950614,74.52596266,0.047680002,0.01165
13299,"Ware County, Georgia",35917.0,106,2.9512487123089346,15.724153423,52.81726833,0.039820001,0.01368
13301,"Warren County, Georgia",5197.0,23,4.425630171252646,11.639185257,64.03381643,0.02027717,0.02005261
13303,"Washington County, Georgia",19975.0,78,3.904881101376721,9.1194649914,60.17175573,0.035470001,0.01524
13305,"Wayne County, Georgia",30277.0,52,1.7174753112924002,12.299326774,57.63644565,0.055149999,0.01534
13307,"Webster County, Georgia",2354.0,5,2.1240441801189465,12.886597938,69.32668329,0.049405456,0.012424016
13309,"Wheeler County, Georgia",7550.0,16,2.119205298013245,0.0,35.04601227,0.02318,0.0093900003
13311,"White County, Georgia",28165.0,132,4.686667850168649,9.7201971811,61.084312510000004,0.050080001,0.022120001
13313,"Whitfield County, Georgia",103033.0,313,3.0378616559742992,9.5993484079,56.73743534,0.03616,0.01168
13315,"Wilcox County, Georgia",8839.0,23,2.602104310442358,5.7071110604,48.14380044,0.03356,0.0112
13317,"Wilkes County, Georgia",9610.0,36,3.7460978147762747,10.417751849,66.91949434,0.071429998,0.01462
13319,"Wilkinson County, Georgia",8852.0,19,2.1464075915047447,12.671351227,70.82405345000001,0.028820001,0.032299999
13321,"Worth County, Georgia",20706.0,54,2.607939727615184,9.7924010967,59.177820270000005,0.072229996,0.01257
21001,"Adair County, Kentucky",18887.0,50,2.6473235558850003,5.2446635548,57.181076669999996,0.04555,0.02039
21003,"Allen County, Kentucky",20773.0,73,3.5141770567563664,3.7602820212,58.831291230000005,0.066569999,0.01435
21005,"Anderson County, Kentucky",23839.0,81,3.3977935316078693,9.0819022457,77.38164816000001,0.122,0.01485
21007,"Ballard County, Kentucky",7742.0,16,2.066649444587962,16.993464052,67.87148594,0.06735,0.022840001
21009,"Barren County, Kentucky",44511.0,92,2.0669048100469545,6.0195300308,60.69915254,0.080349997,0.01019
21011,"Bath County, Kentucky",12739.0,44,3.453960279456786,6.2358718528,61.09663409,0.05954,0.0083499998
21013,"Bell County, Kentucky",24248.0,69,2.8455955130320025,10.60760353,48.21891503,0.031970002,0.01532
21015,"Boone County, Kentucky",136150.0,394,2.8938670583914803,5.4639701495,71.29485678,0.061760001,0.01368
21017,"Bourbon County, Kentucky",20228.0,78,3.8560411311053984,9.9537152242,64.8923284,0.048689999,0.01918
21019,"Boyd County, Kentucky",48242.0,159,3.2958832552547572,15.589274579,58.862867200000004,0.063979998,0.01013
21021,"Boyle County, Kentucky",30613.0,151,4.932544997223402,11.972560186,61.14539307,0.13173001,0.02297
21023,"Bracken County, Kentucky",8420.0,28,3.32541567695962,13.014671084,67.2050673,0.056499999,0.021819999
21025,"Breathitt County, Kentucky",13580.0,52,3.8291605301914577,3.7450378249,55.82840237,0.044050001,0.01426
21027,"Breckinridge County, Kentucky",20528.0,47,2.289555728760717,11.937162775,65.47030498000001,0.046459999,0.01477
21029,"Bullitt County, Kentucky",82482.0,238,2.885478043694382,5.8447445012,66.99233716,0.069119997,0.01022
21031,"Butler County, Kentucky",12365.0,29,2.3453295592397896,13.013420089,63.638253639999995,0.11675,0.02091
21033,"Caldwell County, Kentucky",12635.0,55,4.352987732489117,15.910898966,65.92820513,0.082099997,0.01777
21035,"Calloway County, Kentucky",37345.0,157,4.204043379301112,13.798593605,55.933942599999995,0.067149997,0.022229999
21037,"Campbell County, Kentucky",93122.0,304,3.26453469641975,7.5026795284,66.78930452,0.081909999,0.01393
21039,"Carlisle County, Kentucky",4782.0,19,3.97323295692179,12.711864407,72.27397260000001,0.066710003,0.016899999
21041,"Carroll County, Kentucky",10842.0,37,3.4126544917911827,8.2281952825,52.641629540000004,0.048239999,0.01276
21043,"Carter County, Kentucky",26671.0,81,3.0370064864459527,6.4406137526,56.210577390000005,0.0502,0.01101
21045,"Casey County, Kentucky",15942.0,52,3.261824112407477,6.9095477387,58.851046370000006,0.078500003,0.016580001
21047,"Christian County, Kentucky",72766.0,203,2.789764450430146,12.322521462,46.55740903,0.046259999,0.022290001
21049,"Clark County, Kentucky",36897.0,137,3.7130390004607423,8.0947626885,65.27907814,0.064889997,0.01492
21051,"Clay County, Kentucky",20322.0,46,2.263556736541679,4.5196605233,48.15989848,0.02973,0.0074700001
21053,"Clinton County, Kentucky",9295.0,28,3.012372243141474,5.4806532939,62.78803309999999,0.036040001,0.01215
21055,"Crittenden County, Kentucky",8979.0,19,2.1160485577458514,13.361541031,61.43374366,0.067299999,0.02142
21057,"Cumberland County, Kentucky",5974.0,19,3.1804486106461334,0.0,64.06582768999999,0.14313,0.017550001
21059,"Daviess County, Kentucky",102916.0,382,3.7117649345096972,12.400457267,65.99651521,0.054269999,0.01495
21061,"Edmonson County, Kentucky",12179.0,23,1.8884965924952786,0.0,62.05465587,0.056899998,0.01605
21063,"Elliott County, Kentucky",7378.0,12,1.626457034426674,0.0,48.97792314,0.056680001,0.0091599999
21065,"Estill County, Kentucky",14138.0,50,3.5365681143018812,11.392765594,58.84788479,0.050590001,0.01702
21067,"Fayette County, Kentucky",321276.0,1693,5.269612420473362,11.300246295,64.81722074000001,0.068360001,0.01457
21069,"Fleming County, Kentucky",15111.0,49,3.2426709019919264,6.5410779696,64.44140447,0.044629999,0.01204
21071,"Floyd County, Kentucky",35780.0,118,3.2979318054779205,5.7178798102,58.34433541000001,0.061299998,0.01175
21073,"Franklin County, Kentucky",51475.0,337,6.54686741136474,20.539849245,67.16237113,0.10803,0.031750001
21075,"Fulton County, Kentucky",6480.0,15,2.314814814814815,10.96834848,50.9148265,0.049460001,0.0251
21077,"Gallatin County, Kentucky",8720.0,29,3.325688073394496,0.0,59.53596288000001,0.054260001,0.022600001
21079,"Garrard County, Kentucky",17175.0,47,2.7365356622998545,5.1168343851,64.49055206,0.062540002,0.016100001
21081,"Grant County, Kentucky",25085.0,83,3.3087502491528804,7.4503960474,60.70511069,0.046069998,0.017619999
21083,"Graves County, Kentucky",36701.0,102,2.7792158251818755,10.43611996,61.63708801,0.071869999,0.01353
21085,"Grayson County, Kentucky",26465.0,72,2.720574343472511,6.0080357478,60.413410639999995,0.07339,0.01465
21087,"Green County, Kentucky",11198.0,18,1.6074298981961066,14.078310603,67.69947583,0.063749999,0.01925
21089,"Greenup County, Kentucky",35853.0,109,3.0401918946810587,7.9089342711,65.71221981000001,0.065760002,0.01781
21091,"Hancock County, Kentucky",9058.0,33,3.643188341797306,12.193770092,69.8173516,0.068070002,0.015659999
21093,"Hardin County, Kentucky",111005.0,357,3.216071348137471,8.2244193739,60.19432998999999,0.064520001,0.01442
21095,"Harlan County, Kentucky",26589.0,73,2.745496257850991,8.1833060556,54.298440979999995,0.043090001,0.0090100002
21097,"Harrison County, Kentucky",18803.0,72,3.829176195287986,8.8991257918,61.43650243,0.05697,0.01475
21099,"Hart County, Kentucky",19345.0,37,1.9126389247867666,9.1836734694,59.333569659999995,0.06151,0.01386
21101,"Henderson County, Kentucky",44770.0,111,2.479338842975207,13.168051582,59.354468510000004,0.055399999,0.017929999
21103,"Henry County, Kentucky",15731.0,71,4.513381221791367,8.8770528185,67.16652857999999,0.067610003,0.01847
21105,"Hickman County, Kentucky",4491.0,41,9.129369850812736,11.307100859,61.59663866,0.054370001,0.018750001
21107,"Hopkins County, Kentucky",45223.0,196,4.334077792273844,17.182897438,62.353964340000005,0.062650003,0.018920001
21109,"Jackson County, Kentucky",13002.0,37,2.8457160436855866,0.0,58.94889102999999,0.02623,0.01092
21111,"Jefferson County, Kentucky",779232.0,3587,4.603250379861197,9.8267517801,67.82187871000001,0.090379998,0.015969999
21113,"Jessamine County, Kentucky",53381.0,314,5.8822427455461685,12.349319866,66.78794047,0.06295,0.01592
21115,"Johnson County, Kentucky",22631.0,60,2.651230612876143,4.9451537493,58.98148148,0.070529997,0.01012
21117,"Kenton County, Kentucky",169066.0,624,3.6908662889049246,6.8697046027,66.46806443999999,0.065970004,0.01014
21119,"Knott County, Kentucky",14282.0,41,2.8707463940624565,5.7661813464,52.222222220000006,0.04318,0.01148
21121,"Knox County, Kentucky",30207.0,57,1.88697983911014,8.7274680273,55.96879612,0.035999998,0.01195
21123,"Larue County, Kentucky",14902.0,43,2.885518722319152,12.53050188,67.85315985,0.056809999,0.025830001
21125,"Laurel County, Kentucky",62442.0,92,1.4733672848403319,4.7706130238,60.371723249999995,0.035300002,0.01288
21127,"Lawrence County, Kentucky",16228.0,30,1.8486566428395366,5.5869389782,58.91571368,0.058970001,0.0099200001
21129,"Lee County, Kentucky",7338.0,26,3.5431997819569365,4.1316623055,47.482142859999996,0.043699998,0.01798
21131,"Leslie County, Kentucky",10468.0,25,2.388230798624379,3.9631427722,60.51572327,0.025,0.01139
21133,"Letcher County, Kentucky",21490.0,74,3.4434620753839,5.2649212655,53.249781399999996,0.11915,0.01257
21135,"Lewis County, Kentucky",13063.0,26,1.99035443619383,2.3158869847,56.92307692000001,0.031319998,0.01127
21137,"Lincoln County, Kentucky",24320.0,41,1.6858552631578947,11.083743842,58.94139886999999,0.057330001,0.01196
21139,"Livingston County, Kentucky",8980.0,27,3.0066815144766146,15.619770166,69.67966573999999,0.09967,0.01519
21141,"Logan County, Kentucky",27498.0,91,3.3093315877518363,13.631308964,60.297924300000005,0.10468,0.0149
21143,"Lyon County, Kentucky",8721.0,27,3.0959752321981426,7.6914624767,60.65997131,0.079489999,0.025979999
21145,"McCracken County, Kentucky",67573.0,320,4.735619256211801,16.002370722,66.14246251,0.11191,0.01736
21147,"McCreary County, Kentucky",16892.0,41,2.4271844660194173,4.1913657865,47.89728322,0.02991,0.01036
21149,"McLean County, Kentucky",9173.0,31,3.3794832661070533,19.769357496,68.55913978,0.055119999,0.01826
21151,"Madison County, Kentucky",92955.0,326,3.5070733150449143,7.7741708427,61.146239550000004,0.056290001,0.01816
21153,"Magoffin County, Kentucky",11647.0,41,3.5202197990898942,3.5220568812,57.38672286999999,0.10127,0.0090899998
21155,"Marion County, Kentucky",19627.0,60,3.0570132980078464,5.0568900126,61.97847969,0.045370001,0.01013
21157,"Marshall County, Kentucky",31706.0,142,4.47864757459156,18.252194984,70.92887367,0.098229997,0.02293
21159,"Martin County, Kentucky",11298.0,23,2.0357585413347494,3.60522758,42.997811819999995,0.036449999,0.01063
21161,"Mason County, Kentucky",17068.0,93,5.44879306304195,15.35735381,61.14483289,0.040649999,0.020749999
21163,"Meade County, Kentucky",29964.0,60,2.002402883460152,5.9998000067,64.56188515,0.062430002,0.01846
21165,"Menifee County, Kentucky",6174.0,18,2.9154518950437316,4.8,60.82352941,0.04479,0.016519999
21167,"Mercer County, Kentucky",22662.0,98,4.32441973347454,10.916077198,71.1859266,0.10177,0.018610001
21169,"Metcalfe County, Kentucky",10313.0,21,2.036264908368079,7.7145612343,65.21795706,0.049699999,0.00508
21171,"Monroe County, Kentucky",11331.0,28,2.4710969905568794,7.0453544694,65.96534653,0.21001001,0.01067
21173,"Montgomery County, Kentucky",28188.0,92,3.263800198666099,7.4029682377,60.366799910000005,0.067850001,0.0096300002
21175,"Morgan County, Kentucky",13840.0,41,2.9624277456647397,2.8328611898,51.48837209,0.10055,0.0091300001
21177,"Muhlenberg County, Kentucky",30735.0,66,2.14738897022938,20.029551798,58.748967799999996,0.13736001,0.01277
21179,"Nelson County, Kentucky",46779.0,140,2.992795912695868,9.0732613099,66.69057524,0.055160001,0.011
21181,"Nicholas County, Kentucky",7613.0,16,2.1016681991330617,11.531069827,61.80163785,0.063000001,0.017759999
21183,"Ohio County, Kentucky",23782.0,64,2.691110924228408,11.901219875,62.301231800000004,0.056460001,0.01578
21185,"Oldham County, Kentucky",67997.0,252,3.7060458549641897,6.0491711195,78.00143929,0.084509999,0.02024
21187,"Owen County, Kentucky",11229.0,49,4.36370113100009,10.628875111,64.75964392,0.055890001,0.02304
21189,"Owsley County, Kentucky",4054.0,16,3.9467192895905283,0.0,53.08123249,0.02478,0.01042
21191,"Pendleton County, Kentucky",14638.0,45,3.07419046317803,9.5393840283,61.99641898,0.087180004,0.01392
21193,"Perry County, Kentucky",28136.0,74,2.630082456639181,4.3858046124,53.1096645,0.09516,0.01123
21195,"Pike County, Kentucky",58196.0,121,2.0791806997044473,7.6395551292,54.690093780000005,0.065240003,0.0121
21197,"Powell County, Kentucky",13089.0,44,3.361601344640538,5.3504547887,59.836956519999994,0.041560002,0.017519999
21199,"Pulaski County, Kentucky",65145.0,136,2.0876506255276692,8.0553233528,63.486663310000004,0.06301,0.01435
21201,"Robertson County, Kentucky",2207.0,4,1.8124150430448573,17.945266936,70.95975232,0.048250001,0.02313
21203,"Rockcastle County, Kentucky",16171.0,33,2.0406901242965803,6.1568772319,59.43489882,0.039639998,0.01321
21205,"Rowan County, Kentucky",24551.0,101,4.113885381450857,4.5104149582,51.672232210000004,0.066229999,0.021029999
21207,"Russell County, Kentucky",18021.0,69,3.828866322623606,9.3519639124,65.84898711,0.037919998,0.016519999
21209,"Scott County, Kentucky",57286.0,228,3.980030024787906,6.7683040322,70.68733976,0.065920003,0.01112
21211,"Shelby County, Kentucky",48105.0,152,3.1597547032533,9.6142044757,66.78581559999999,0.072020002,0.01829
21213,"Simpson County, Kentucky",19574.0,47,2.4011443751915804,9.5242869317,63.62112933,0.070969999,0.02056
21215,"Spencer County, Kentucky",19549.0,55,2.813443142871758,6.4343694318,78.60385144,0.097659998,0.01426
21217,"Taylor County, Kentucky",26056.0,80,3.070310101320233,15.147498769,63.891726250000005,0.044489998,0.016559999
21219,"Todd County, Kentucky",12281.0,38,3.0942105691718913,14.51144792,60.668934240000006,0.059119999,0.02368
21221,"Trigg County, Kentucky",14154.0,46,3.2499646742970185,17.443483115,65.41019956000001,0.050810002,0.023700001
21223,"Trimble County, Kentucky",8510.0,26,3.055229142185664,5.8554865909,66.44615385,0.08653,0.017200001
21225,"Union County, Kentucky",13495.0,53,3.9273805113004814,12.344726487,55.82342954,0.039820001,0.01027
21227,"Warren County, Kentucky",135307.0,389,2.874943646670165,8.7955778981,58.436444259999995,0.0601,0.01581
21229,"Washington County, Kentucky",12025.0,32,2.6611226611226613,14.095016997,68.27207899,0.046720002,0.0178
21231,"Wayne County, Kentucky",19666.0,51,2.593308247737211,6.6053554189,58.168083100000004,0.037870001,0.01157
21233,"Webster County, Kentucky",12951.0,34,2.625279901165933,17.28744303,61.98654941,0.048379999,0.01925
21235,"Whitley County, Kentucky",36648.0,111,3.028814669286182,7.0512298972,57.147644760000006,0.035810001,0.0083799995
21237,"Wolfe County, Kentucky",6573.0,21,3.1948881789137378,0.0,54.065335749999996,0.057080001,0.01216
21239,"Woodford County, Kentucky",26886.0,171,6.360187458156662,10.346611485,77.78573254999999,0.091909997,0.02242
24001,"Allegany County, Maryland",68161.0,457,6.704713839292264,16.204082239,52.77017135999999,0.06538,0.02211
24003,"Anne Arundel County, Maryland",588109.0,2394,4.070673973702154,7.9725461245,72.35732648,0.065980002,0.01542
24005,"Baltimore County, Maryland",850737.0,3559,4.183431542298031,7.9653872017,68.02888832000001,0.054949999,0.01212
24009,"Calvert County, Maryland",93244.0,392,4.204023851400627,6.8729975786,70.20656136,0.0792,0.01436
24011,"Caroline County, Maryland",33320.0,92,2.7611044417767108,8.374958873,65.18365662,0.057360001,0.02042
24013,"Carroll County, Maryland",173225.0,742,4.2834463847597055,9.5832976812,77.77588279,0.094769999,0.017580001
24015,"Cecil County, Maryland",103876.0,348,3.3501482536870886,6.7656419737,60.907282640000005,0.073969997,0.01392
24017,"Charles County, Maryland",167035.0,863,5.166581854102434,5.9964021587,75.02556794,0.050620001,0.01487
24019,"Dorchester County, Maryland",32557.0,190,5.835918542863286,9.4725906007,65.07942974000001,0.04166,0.020819999
24021,"Frederick County, Maryland",273829.0,746,2.7243279564983984,9.2309085652,78.47749933,0.073349997,0.01833
24023,"Garrett County, Maryland",28856.0,289,10.015248128638758,12.946569159,66.03637902,0.071719997,0.03018
24025,"Harford County, Maryland",261059.0,937,3.589226956358524,7.2763930313,76.38059894,0.072389998,0.01331
24027,"Howard County, Maryland",332011.0,1402,4.222751655818632,8.4970379624,82.80351003999999,0.08151,0.017000001
24029,"Kent County, Maryland",19289.0,186,9.642801596764997,13.97515528,68.33808167,0.093649998,0.045329999
24031,"Montgomery County, Maryland",1056910.0,6326,5.985372453662091,9.0544511701,79.22679571,0.058789998,0.01915
24033,"Prince George's County, Maryland",957189.0,5049,5.27482033328841,7.7721493055,70.67429655000001,0.034499999,0.01654
24035,"Queen Anne's County, Maryland",50316.0,238,4.730105731775181,7.9286805515,78.69576513,0.11949,0.023390001
24037,"St. Mary's County, Maryland",113814.0,444,3.9011017976698827,6.4416723974,66.88093236,0.068570003,0.0104
24039,"Somerset County, Maryland",24672.0,126,5.107003891050584,12.221950623,48.5618569,0.056249999,0.027799999
24041,"Talbot County, Maryland",37663.0,329,8.735363619467382,12.917853,77.70887166,0.055860002,0.034669999
24043,"Washington County, Maryland",154645.0,822,5.315399786608038,12.018767273,59.19304834,0.10014,0.019409999
24045,"Wicomico County, Maryland",103815.0,268,2.5815151952993305,8.407857525,60.71067323,0.049449999,0.0188
24047,"Worcester County, Maryland",52827.0,269,5.092093058473886,15.408606542,76.15282951,0.073349997,0.024809999
24510,"Baltimore city, Maryland",584548.0,4927,8.428734680471065,10.667958051,52.35896588,0.063249998,0.017200001
37000,,,49,,11.253416566,72.34735307,,
37001,"Alamance County, North Carolina",171779.0,663,3.859610313251329,9.8098699767,71.34711805,0.048549999,0.0146
37003,"Alexander County, North Carolina",36505.0,89,2.4380221887412685,15.063540754,69.68319559,0.085579999,0.016559999
37005,"Alleghany County, North Carolina",10989.0,70,6.3700063700063705,12.516763523,68.42342341999999,0.050639998,0.0287
37007,"Anson County, North Carolina",22200.0,100,4.504504504504505,13.061886317,58.347667449999996,0.02837,0.016319999
37009,"Ashe County, North Carolina",26759.0,156,5.829814268096715,9.59055699,72.87557604,0.067429997,0.025939999
37011,"Avery County, North Carolina",17679.0,119,6.731149951920357,18.780945877,64.71433458999999,0.055980001,0.030300001
37013,"Beaufort County, North Carolina",44711.0,297,6.642660642794838,12.197325623,71.9087307,0.04132,0.023460001
37015,"Bertie County, North Carolina",17818.0,69,3.872488494780559,24.361948956,62.3570521,0.02042,0.01616
37017,"Bladen County, North Carolina",29807.0,122,4.0929982889925185,16.640630306,67.28880157,0.037209999,0.01873
37019,"Brunswick County, North Carolina",139721.0,421,3.0131476299196254,7.513197094,78.88636165,0.065690003,0.0186
37021,"Buncombe County, North Carolina",269449.0,1540,5.715367286573712,12.281195516,79.46928335999999,0.14218999,0.02107
37023,"Burke County, North Carolina",87799.0,242,2.756295629790772,14.337570123,62.76667605,0.063689999,0.02004
37025,"Cabarrus County, North Carolina",226396.0,571,2.52212936624322,9.0331938065,78.81071632999999,0.05071,0.01074
37027,"Caldwell County, North Carolina",80716.0,265,3.2831161108082663,12.672066789,67.02503912,0.043900002,0.01528
37029,"Camden County, North Carolina",10547.0,42,3.9821750260737647,9.0187590188,73.04294478999999,0.078189999,0.018200001
37031,"Carteret County, North Carolina",68353.0,347,5.0765877137799365,12.972038051,75.78769858999999,0.09392,0.03008
37033,"Caswell County, North Carolina",22747.0,55,2.41790126170484,12.381710445,66.23248145000001,0.04555,0.028650001
37035,"Catawba County, North Carolina",161011.0,653,4.055623528827223,14.315253698,71.03324961,0.04755,0.015969999
37037,"Chatham County, North Carolina",76754.0,278,3.6219610704328113,9.1405389162,89.50092081,0.047959998,0.02877
37039,"Cherokee County, North Carolina",28868.0,120,4.156851877511431,10.165356465,70.18376067999999,0.12644,0.02328
37041,"Chowan County, North Carolina",13835.0,77,5.565594506685941,13.629842181,70.66727189999999,0.048900001,0.021749999
37043,"Clay County, North Carolina",11186.0,62,5.542642588950474,13.776476666,76.12368857,0.082979999,0.031099999
37045,"Cleveland County, North Carolina",99527.0,337,3.3860158549941226,17.979537101,68.25595317000001,0.03365,0.0186
37047,"Columbus County, North Carolina",50827.0,229,4.505479371200346,11.025358324,61.64568765,0.036910001,0.01497
37049,"Craven County, North Carolina",101098.0,430,4.253298779402164,12.391696572,67.96669869,0.05528,0.01763
37051,"Cumberland County, North Carolina",335207.0,1397,4.167574066174036,9.1476363161,60.359325649999995,0.041859999,0.01333
37053,"Currituck County, North Carolina",28616.0,97,3.389712049203243,9.350314364,77.29535663,0.068559997,0.01228
37055,"Dare County, North Carolina",37160.0,259,6.969860064585576,14.226999684,84.065915,0.080399998,0.03112
37057,"Davidson County, North Carolina",169498.0,381,2.2478141335001003,10.197814423,70.92752113,0.033020001,0.01421
37059,"Davie County, North Carolina",43030.0,171,3.97397164768766,10.886822409,78.48372093,0.061779998,0.01901
37061,"Duplin County, North Carolina",49312.0,154,3.1229720960415315,12.247397428,57.45541924999999,0.076200001,0.01283
37063,"Durham County, North Carolina",325101.0,1987,6.111946748856509,10.43044367,79.81810519,0.070179999,0.01512
37065,"Edgecombe County, North Carolina",49067.0,316,6.440173640124727,10.765822654,64.57229755,0.024350001,0.01236
37067,"Forsyth County, North Carolina",383739.0,1931,5.032066065737389,10.715469592,73.67669667999999,0.046689998,0.0132
37069,"Franklin County, North Carolina",69680.0,238,3.4156142365097586,7.647003582,73.53282802999999,0.045170002,0.01271
37071,"Gaston County, North Carolina",228972.0,773,3.37595863249655,12.808744103,69.56453653,0.04473,0.0142
37073,"Gates County, North Carolina",10509.0,43,4.0917308973261015,9.6311278051,65.47149123,0.054299999,0.02028
37075,"Graham County, North Carolina",8047.0,36,4.4737169131353305,13.784461153,70.57488654000001,0.081869997,0.018309999
37077,"Granville County, North Carolina",61161.0,189,3.0902045421101683,10.984928033,68.54229935000001,0.038940001,0.0111
37079,"Greene County, North Carolina",20407.0,94,4.6062625569657465,8.9060412647,56.61707633,0.035580002,0.017580001
37081,"Guilford County, North Carolina",539557.0,2918,5.408140381831762,11.041913492,73.49824965,0.044950001,0.018789999
37083,"Halifax County, North Carolina",48772.0,245,5.023374067087674,10.449757566,65.46124524,0.024669999,0.01914
37085,"Harnett County, North Carolina",134718.0,527,3.9118751762941844,7.6351273482,61.351365570000006,0.056869999,0.01443
37087,"Haywood County, North Carolina",62152.0,275,4.424636375337881,15.333258797,73.17180617,0.068449996,0.02131
37089,"Henderson County, North Carolina",116469.0,272,2.335385381517829,11.261070564,75.93824624,0.082989998,0.01729
37091,"Hertford County, North Carolina",21633.0,91,4.206536310266722,15.808383234,56.74493063,0.02029,0.018130001
37093,"Hoke County, North Carolina",52612.0,154,2.927088877062267,4.6479632625,57.527582079999995,0.04411,0.0092799999
37095,"Hyde County, North Carolina",4636.0,49,10.569456427955135,10.926573427,65.66534913999999,0.058279999,0.04417
37097,"Iredell County, North Carolina",187839.0,516,2.747033363678469,10.873060843,78.20251327,0.06126,0.01356
37099,"Jackson County, North Carolina",42388.0,206,4.859865999811268,15.132115004,61.10936832,0.077600002,0.030950001
37101,"Johnston County, North Carolina",219042.0,531,2.424192620593311,7.9223777356,78.75039779000001,0.056979999,0.01364
37103,"Jones County, North Carolina",9263.0,52,5.6137320522508904,9.7476443193,72.93729373,0.068750001,0.036400001
37105,"Lee County, North Carolina",63560.0,258,4.059156702328508,15.272771703,67.86290794,0.047019999,0.015799999
37107,"Lenoir County, North Carolina",55071.0,195,3.5408835866426975,13.727966614,67.24819505,0.046890002,0.01891
37109,"Lincoln County, North Carolina",87933.0,324,3.684623520180137,11.493635534,77.61514683,0.059769999,0.0164
37111,"McDowell County, North Carolina",44629.0,149,3.3386363127114653,13.406922441,65.56363118,0.047770001,0.015860001
37113,"Macon County, North Carolina",37088.0,184,4.961173425366695,14.974385919,74.37432772,0.04899,0.027179999
37115,"Madison County, North Carolina",21414.0,134,6.257588493508919,8.7284086733,74.67732724,0.094520003,0.02334
37117,"Martin County, North Carolina",21992.0,99,4.501636958894143,18.1327878,71.37165623,0.033769999,0.018279999
37119,"Mecklenburg County, North Carolina",1115403.0,4295,3.8506261862304476,9.088591504,76.40112907,0.045880001,0.01303
37121,"Mitchell County, North Carolina",14989.0,74,4.936953766095136,17.225387571,76.65112336,0.05147,0.03032
37123,"Montgomery County, North Carolina",25839.0,100,3.870118812647548,10.040936124,65.53940321,0.03015,0.01668
37125,"Moore County, North Carolina",100759.0,509,5.051657916414414,12.034378524,77.01009834,0.06168,0.019239999
37127,"Nash County, North Carolina",95015.0,425,4.472977950849867,12.945118959,73.59003238,0.032699998,0.017480001
37129,"New Hanover County, North Carolina",228134.0,805,3.5286279116659505,9.9182278298,71.67790344,0.098130003,0.01774
37131,"Northampton County, North Carolina",17528.0,72,4.1077133728890916,14.899576852,63.049579050000006,0.0188,0.019440001
37133,"Onslow County, North Carolina",203686.0,525,2.577496735170802,6.2229254503,48.79918933,0.05926,0.0090399999
37135,"Orange County, North Carolina",145919.0,887,6.078714903473845,9.8353901261,77.78265843,0.09381,0.02599
37137,"Pamlico County, North Carolina",12317.0,79,6.413899488511813,10.499959616,72.26325758,0.050469998,0.044829998
37139,"Pasquotank County, North Carolina",40454.0,172,4.251742720126564,12.45786311,65.21468371,0.04944,0.018409999
37141,"Pender County, North Carolina",61592.0,250,4.058968697233407,8.2145519266,73.05751550000001,0.07525,0.01877
37143,"Perquimans County, North Carolina",13053.0,65,4.979698153681146,9.8410295231,68.88173033,0.050560001,0.021439999
37145,"Person County, North Carolina",39131.0,95,2.427742710383072,14.979942111,71.70132635,0.052209999,0.01456
37147,"Pitt County, North Carolina",171196.0,847,4.9475455033996125,10.314505999,64.20778648999999,0.040849999,0.0165
37149,"Polk County, North Carolina",19538.0,156,7.984440577336473,19.513659562,73.16755477,0.062059999,0.039900001
37151,"Randolph County, North Carolina",144403.0,323,2.2367956344397273,10.47636655,69.87800229,0.032559998,0.0153
37153,"Richmond County, North Carolina",43149.0,165,3.8239588402975735,15.896021319,61.31108814,0.03593,0.01462
37155,"Robeson County, North Carolina",117573.0,455,3.8699361247905557,12.257528094,49.68203832,0.032310002,0.01017
37157,"Rockingham County, North Carolina",91209.0,322,3.5303533642513347,15.007014148,67.63191399,0.043409999,0.01537
37159,"Rowan County, North Carolina",147067.0,464,3.1550245806333166,14.100036754,70.0558286,0.048289999,0.018409999
37161,"Rutherford County, North Carolina",64680.0,322,4.978354978354979,19.087788433,65.94330588,0.046750002,0.02042
37163,"Sampson County, North Carolina",59317.0,166,2.7985231889677498,14.039242219,65.90213011,0.040739998,0.01317
37165,"Scotland County, North Carolina",34222.0,110,3.2143065864064053,12.294362157,55.82845267,0.034060001,0.0134
37167,"Stanly County, North Carolina",62723.0,224,3.571257752339652,16.834754415,71.443006,0.037360001,0.01873
37169,"Stokes County, North Carolina",44696.0,145,3.2441381779130123,8.8544548976,70.51028807,0.085589997,0.021500001
37171,"Surry County, North Carolina",71429.0,293,4.101975388147671,13.724913519,67.70396378,0.05235,0.018279999
37173,"Swain County, North Carolina",14130.0,81,5.732484076433121,9.3076537553,65.41416011,0.071160004,0.023429999
37175,"Transylvania County, North Carolina",33131.0,217,6.5497570251426165,17.08889222,72.45738636,0.085270002,0.034150001
37177,"Tyrrell County, North Carolina",3389.0,20,5.901445854234288,17.830609212,54.564564559999994,0.030949086,0.030772101
37179,"Union County, North Carolina",240109.0,742,3.090263172142652,7.8291243426,80.87098765,0.05184,0.01443
37181,"Vance County, North Carolina",42492.0,152,3.577143932975619,14.238929233,64.34502834,0.021609999,0.016170001
37183,"Wake County, North Carolina",1132103.0,5701,5.035760880414592,9.8636535007,83.11966796,0.063529998,0.01353
37185,"Warren County, North Carolina",18803.0,80,4.254640216986651,14.962860044,64.67483506,0.03232,0.02318
37187,"Washington County, North Carolina",11051.0,64,5.791331101257804,20.317694865,67.08108108,0.025560001,0.01518
37189,"Watauga County, North Carolina",54540.0,302,5.537220388705538,13.795857612,68.13279763,0.078340001,0.03912
37191,"Wayne County, North Carolina",117480.0,374,3.183520599250936,14.06817523,62.7855972,0.050560001,0.01466
37193,"Wilkes County, North Carolina",66125.0,227,3.43289224952741,14.593214155,67.06249409,0.054620001,0.01919
37195,"Wilson County, North Carolina",78667.0,285,3.6228660048050645,10.580122118,68.05045105,0.038740002,0.01406
37197,"Yadkin County, North Carolina",37280.0,147,3.9431330472103006,13.079571844,70.67399787000001,0.046039999,0.02042
37199,"Yancey County, North Carolina",18538.0,101,5.4482684216204555,10.100473127,79.49579832,0.070299998,0.026210001
37633,,,5,,,,,
42001,"Adams County, Pennsylvania",104604.0,443,4.235019693319567,12.35534345,70.80333103999999,0.055500001,0.0233
42003,"Allegheny County, Pennsylvania",1245310.0,8479,6.808746416554914,11.343982135,75.27721706,0.070600003,0.017069999
42005,"Armstrong County, Pennsylvania",65538.0,325,4.958955110012512,19.151466477,69.05259161000001,0.067730002,0.021199999
42007,"Beaver County, Pennsylvania",167629.0,592,3.5316084925639357,13.822075484,71.299144,0.056919999,0.017729999
42009,"Bedford County, Pennsylvania",47613.0,405,8.506080272194568,18.347462989,71.44448763,0.066380002,0.0195
42011,"Berks County, Pennsylvania",428483.0,1501,3.50305613058161,10.779441932,65.88454018,0.059719998,0.01368
42013,"Blair County, Pennsylvania",122640.0,555,4.525440313111546,17.846519929,65.56523532,0.06168,0.01701
42015,"Bradford County, Pennsylvania",60159.0,298,4.953539786233149,14.198376374,64.33233788,0.078120001,0.01956
42017,"Bucks County, Pennsylvania",645163.0,2608,4.042389287668388,7.8598070859,82.25742163000001,0.063890003,0.01395
42019,"Butler County, Pennsylvania",194562.0,694,3.566986359104039,11.657374557,76.35365073,0.062689997,0.01405
42021,"Cambria County, Pennsylvania",133263.0,543,4.074649377546656,19.55249884,66.6767443,0.06899,0.01957
42023,"Cameron County, Pennsylvania",4536.0,37,8.156966490299823,24.898143957,64.39153439,0.061250001,0.02183
42025,"Carbon County, Pennsylvania",65018.0,268,4.121935464025347,13.90161931,65.73299453,0.084980004,0.01479
42027,"Centre County, Pennsylvania",158665.0,767,4.83408439164277,12.813634212,59.90954774,0.093759999,0.032480001
42029,"Chester County, Pennsylvania",536474.0,2789,5.198760797354578,9.4902559987,82.90003295,0.075049996,0.019169999
42031,"Clarion County, Pennsylvania",37489.0,217,5.788364586945504,16.333743908,62.437540039999995,0.0744,0.024180001
42033,"Clearfield County, Pennsylvania",79707.0,388,4.867828421594088,17.58574656,62.416086130000004,0.063409999,0.01983
42035,"Clinton County, Pennsylvania",37860.0,155,4.094030639197042,12.390920355,57.56981872,0.1157,0.02025
42037,"Columbia County, Pennsylvania",64924.0,304,4.682397880598854,15.248128639,58.43832021000001,0.074869998,0.017820001
42039,"Crawford County, Pennsylvania",83876.0,583,6.950736801945729,14.878432321,62.669153300000005,0.080370001,0.02227
42041,"Cumberland County, Pennsylvania",261269.0,1072,4.103050878596389,13.143246494,73.0718617,0.069909997,0.018990001
42043,"Dauphin County, Pennsylvania",286108.0,1751,6.120066548296448,17.486149584,71.76430485,0.06061,0.0219
42045,"Delaware County, Pennsylvania",575312.0,2440,4.241176961370526,7.8062248123,78.36708846,0.058929998,0.01306
42047,"Elk County, Pennsylvania",30886.0,197,6.378294372855016,17.062046789,69.7298412,0.13682,0.01819
42049,"Erie County, Pennsylvania",270495.0,1501,5.54908593504501,13.037517418,65.54291179,0.077079996,0.01313
42051,"Fayette County, Pennsylvania",128417.0,465,3.621015909108607,13.677388573,59.631495609999995,0.076310001,0.01431
42053,"Forest County, Pennsylvania",6959.0,33,4.74206064089668,7.5460307878,39.2,0.075759999,0.04315
42055,"Franklin County, Pennsylvania",156084.0,577,3.6967274031931523,14.467629476,68.70471169,0.064280003,0.018169999
42057,"Fulton County, Pennsylvania",14545.0,67,4.606393949810932,16.514140233,68.94554883,0.055810001,0.01722
42059,"Greene County, Pennsylvania",35781.0,140,3.912691093038205,13.270634394,60.344945360000004,0.056439999,0.01908
42061,"Huntingdon County, Pennsylvania",44123.0,209,4.736758606622396,16.866523417,62.409638550000004,0.075130001,0.02007
42063,"Indiana County, Pennsylvania",83394.0,480,5.755809770487085,14.46532541,60.38991498,0.07965,0.01932
42065,"Jefferson County, Pennsylvania",44326.0,242,5.459549699950368,19.409051468,66.70758439,0.085349999,0.01585
42067,"Juniata County, Pennsylvania",23535.0,116,4.928829403016783,22.708770727,63.99043571000001,0.059470002,0.019069999
42069,"Lackawanna County, Pennsylvania",215672.0,819,3.797433139211395,10.249750713,71.25833539,0.075269997,0.01403
42071,"Lancaster County, Pennsylvania",553202.0,2484,4.490222378082509,13.689549053,69.18456524999999,0.057349999,0.017209999
42073,"Lawrence County, Pennsylvania",85907.0,391,4.551433526953566,15.557048404,67.17107661,0.066160001,0.01574
42075,"Lebanon County, Pennsylvania",143258.0,583,4.069580756397548,14.165584573,67.30731295,0.055509999,0.015
42077,"Lehigh County, Pennsylvania",374110.0,1275,3.4080885301114643,10.124442956,69.20811555,0.046289999,0.01141
42079,"Luzerne County, Pennsylvania",325396.0,977,3.0024954209639945,9.9886937791,62.646481980000004,0.050700001,0.01081
42081,"Lycoming County, Pennsylvania",114022.0,487,4.27110557611689,15.207242891,66.03956534,0.071560003,0.018929999
42083,"McKean County, Pennsylvania",40459.0,232,5.734200054376035,19.063863944,59.75748273,0.088629998,0.018519999
42085,"Mercer County, Pennsylvania",110600.0,532,4.810126582278481,16.114264787,65.36288275999999,0.067450002,0.021469999
42087,"Mifflin County, Pennsylvania",46146.0,149,3.228882243314697,16.091154214,60.28879854,0.10285,0.017419999
42089,"Monroe County, Pennsylvania",168128.0,588,3.497335363532547,7.3565473271,64.09189954,0.067079999,0.01994
42091,"Montgomery County, Pennsylvania",856399.0,4805,5.610702487975814,10.882600907,83.00026845000001,0.068499997,0.017689999
42093,"Montour County, Pennsylvania",18165.0,104,5.725295898706303,17.688353325,69.22422954000001,0.066179998,0.01599
42095,"Northampton County, Pennsylvania",314299.0,1038,3.3025876633396862,9.7009349315,72.85443348,0.060079999,0.01464
42097,"Northumberland County, Pennsylvania",91340.0,391,4.280709437267353,16.087337601,58.02923214,0.074539997,0.017270001
42099,"Perry County, Pennsylvania",45941.0,207,4.505779151520429,15.830333521,68.47777778000001,0.08083,0.01572
42101,"Philadelphia County, Pennsylvania",1593208.0,8538,5.358998950545064,7.7460124625,65.00455939999999,0.055349998,0.0115
42103,"Pike County, Pennsylvania",58996.0,188,3.1866567224896607,7.1006308002,72.59226224000001,0.08783,0.01723
42105,"Potter County, Pennsylvania",16390.0,111,6.772422208663819,17.879161529,68.61468584,0.10306,0.024329999
42107,"Schuylkill County, Pennsylvania",143201.0,609,4.252763598019567,12.718023256,62.62184575999999,0.062279999,0.016960001
42109,"Snyder County, Pennsylvania",39797.0,165,4.146041158881323,15.383839403,60.06590303,0.062240001,0.0284
42111,"Somerset County, Pennsylvania",73802.0,354,4.796617977832579,21.042497593,67.32480903,0.1221,0.021810001
42113,"Sullivan County, Pennsylvania",5880.0,58,9.863945578231291,15.37147737,67.63875823,0.09347,0.0374
42115,"Susquehanna County, Pennsylvania",38540.0,175,4.54073689673067,9.7179177391,66.53005047,0.11394,0.016489999
42117,"Tioga County, Pennsylvania",41186.0,275,6.677026173942601,14.839682771,64.93606532,0.064740002,0.024040001
42119,"Union County, Pennsylvania",42908.0,197,4.591218420807309,15.67471458,55.54328317,0.091470003,0.02816
42121,"Venango County, Pennsylvania",50475.0,265,5.250123823675087,21.294975591,64.19358742,0.080619998,0.02289
42123,"Warren County, Pennsylvania",38492.0,216,5.611555647926842,16.398645789,65.31709632,0.0867,0.026419999
42125,"Washington County, Pennsylvania",209631.0,912,4.350501595660948,12.643607136,71.86800522,0.066430002,0.01555
42127,"Wayne County, Pennsylvania",51227.0,298,5.8172448123060105,10.943270865,66.57738801,0.093780003,0.02612
42129,"Westmoreland County, Pennsylvania",354414.0,1532,4.322628338609649,13.918200746,71.95353006,0.074369997,0.01485
42131,"Wyoming County, Pennsylvania",26219.0,152,5.797322552347534,9.610209887,68.72340426,0.095090002,0.01749
42133,"York County, Pennsylvania",457051.0,1689,3.6954300504757676,11.668813902,69.8877557,0.059689999,0.01456
45001,"Abbeville County, South Carolina",24368.0,89,3.6523309258043333,11.496140581,63.93931602000001,0.02833,0.01997
45003,"Aiken County, South Carolina",169865.0,515,3.0318193859829865,10.221073787,65.75961093000001,0.04984,0.0134
45005,"Allendale County, South Carolina",8073.0,112,13.873405177753003,5.2777411268,51.475644700000004,0.020190001,0.01324
45007,"Anderson County, South Carolina",204592.0,726,3.5485258465629155,12.596561711,63.40261283,0.0458,0.01517
45009,"Bamberg County, South Carolina",13311.0,128,9.616106979190143,20.142547258,58.08243728,0.026660001,0.020129999
45011,"Barnwell County, South Carolina",20653.0,44,2.130441098145548,17.145096502,64.76937559,0.0263,0.01507
45013,"Beaufort County, South Carolina",189071.0,780,4.125434360637009,9.624639076,66.69961822,0.05308,0.01626
45015,"Berkeley County, South Carolina",231419.0,625,2.7007289807664883,5.8747455297,63.74637659,0.053569999,0.00923
45017,"Calhoun County, South Carolina",14145.0,68,4.8073524213503,15.515903801,71.07586798,0.043200001,0.02
45019,"Charleston County, South Carolina",409840.0,2257,5.507027132539528,11.138168141,69.33753643,0.0669,0.016310001
45021,"Cherokee County, South Carolina",56200.0,161,2.864768683274021,16.571336933,58.7196468,0.036339998,0.01063
45023,"Chester County, South Carolina",32171.0,165,5.128842746573,15.032413642,63.2811245,0.03489,0.01914
45025,"Chesterfield County, South Carolina",43536.0,186,4.272326350606394,11.903944326,54.07046691,0.02365,0.01193
45027,"Clarendon County, South Carolina",31163.0,219,7.027564740236819,12.616051499,62.12363096,0.027179999,0.0153
45029,"Colleton County, South Carolina",38561.0,163,4.227068800082986,9.326666494,67.19986060000001,0.04157,0.01284
45031,"Darlington County, South Carolina",63025.0,212,3.3637445458151527,15.545370044,63.03130469,0.03081,0.01505
45033,"Dillon County, South Carolina",28255.0,134,4.742523447177491,11.176004038,57.80277962,0.023460001,0.0080399998
45035,"Dorchester County, South Carolina",162139.0,580,3.5771776068681813,5.5979245544,65.6790753,0.06047,0.0084199999
45037,"Edgefield County, South Carolina",26181.0,3848,146.9768152476987,9.2826377543,62.24093567,0.044440001,0.0095499996
45039,"Fairfield County, South Carolina",20942.0,118,5.63460987489256,16.132974823,67.1610404,0.036910001,0.018789999
45041,"Florence County, South Carolina",137015.0,592,4.320694814436376,12.141514471,62.23529979,0.031429999,0.01309
45043,"Georgetown County, South Carolina",63594.0,413,6.494323363839356,15.759710763,73.41675843,0.03593,0.02679
45045,"Greenville County, South Carolina",528251.0,2307,4.36724208756822,11.990145086,69.02447828,0.04961,0.0143
45047,"Greenwood County, South Carolina",69309.0,265,3.823457271061478,13.570675791,60.36589966,0.027969999,0.01636
45049,"Hampton County, South Carolina",18890.0,88,4.658549497088407,9.9376138685,63.02065696,0.026040001,0.015760001
45051,"Horry County, South Carolina",356578.0,973,2.7287157368093378,7.8308331223,66.35680665,0.05438,0.01405
45053,"Jasper County, South Carolina",29444.0,49,1.6641760630349138,7.8029901058,66.66975452,0.02586,0.01616
45055,"Kershaw County, South Carolina",65779.0,299,4.54552364736466,10.479550117,67.29837903,0.0605,0.01129
45057,"Lancaster County, South Carolina",97611.0,239,2.4484945344274722,10.327318626,69.16984534000001,0.042819999,0.01084
45059,"Laurens County, South Carolina",67456.0,263,3.8988377609108156,12.359302582,59.52362358,0.03121,0.01565
45061,"Lee County, South Carolina",16557.0,205,12.381470073080871,11.143440847,61.36098981,0.042660002,0.01437
45063,"Lexington County, South Carolina",295934.0,1120,3.7846276534632723,11.122156714,66.15022078,0.065439999,0.0123
45065,"McCormick County, South Carolina",9612.0,55,5.722014148980441,13.314215485,68.43243243,0.032430001,0.03193
45067,"Marion County, South Carolina",29212.0,142,4.861016020813365,10.193321617,62.53029981,0.020260001,0.01372
45069,"Marlboro County, South Carolina",26585.0,100,3.761519653940192,6.14462921,54.923224569999995,0.02613,0.0095100002
45071,"Newberry County, South Carolina",37918.0,190,5.010812806582625,12.027087092,65.08646288,0.048530001,0.01518
45073,"Oconee County, South Carolina",78775.0,351,4.455728340209457,14.467448241,66.12682927,0.063819997,0.01815
45075,"Orangeburg County, South Carolina",84159.0,357,4.24197055573379,13.960093388,61.153161180000005,0.02668,0.01343
45077,"Pickens County, South Carolina",131106.0,494,3.76794349610239,11.463937301,58.00423344,0.055969998,0.01902
45079,"Richland County, South Carolina",416161.0,2227,5.351294330799858,11.433559632,61.67470129,0.056290001,0.02
45081,"Saluda County, South Carolina",18952.0,56,2.95483326298016,12.672932728,62.78943805,0.02678,0.01967
45083,"Spartanburg County, South Carolina",330119.0,1278,3.871331247216913,11.479595525,64.38347265,0.040210001,0.01274
45085,"Sumter County, South Carolina",105199.0,243,2.309907888858259,10.09498904,61.19589692,0.031580001,0.01293
45087,"Union County, South Carolina",27158.0,112,4.124015023197584,17.568779904,61.96307547999999,0.021709999,0.0123
45089,"Williamsburg County, South Carolina",30879.0,176,5.699666439975387,9.6480138399,66.47951757,0.021430001,0.01558
45091,"York County, South Carolina",282987.0,758,2.6785682734542577,10.705255431,72.23629115,0.05759,0.01538
47001,"Anderson County, Tennessee",77337.0,278,3.5946571498765145,15.206619949,60.28302686,0.067510001,0.01921
47003,"Bedford County, Tennessee",50533.0,149,2.9485682623236302,7.5072184793,55.01657299,0.04899,0.01382
47005,"Benton County, Tennessee",15933.0,56,3.51471788112722,10.623672041,56.30089182,0.063150004,0.01839
47007,"Bledsoe County, Tennessee",14816.0,36,2.429805615550756,4.7303689688,46.60461352,0.045910001,0.0118
47009,"Blount County, Tennessee",135951.0,351,2.5818125648211487,10.0030009,64.65951559999999,0.06837,0.01902
47011,"Bradley County, Tennessee",108859.0,365,3.3529611699537933,14.01243943,57.12417487,0.045809999,0.02021
47013,"Campbell County, Tennessee",39397.0,95,2.4113511181054395,9.5998383185,47.35373395,0.05201,0.01327
47015,"Cannon County, Tennessee",14481.0,47,3.245632207720461,6.7622396538,58.72816838,0.064099997,0.019400001
47017,"Carroll County, Tennessee",28381.0,62,2.184560093019978,13.704406494,54.76080957,0.04848,0.016349999
47019,"Carter County, Tennessee",56315.0,130,2.3084435763118174,13.29551498,53.899647890000004,0.067489997,0.02077
47021,"Cheatham County, Tennessee",41184.0,142,3.447940947940948,7.6500119531,65.37592772,0.082429998,0.01399
47023,"Chester County, Tennessee",17392.0,44,2.529898804047838,11.357828383,57.1299435,0.05271,0.01761
47025,"Claiborne County, Tennessee",32092.0,77,2.399351863392746,6.4752859918,50.65544903,0.062720001,0.01463
47027,"Clay County, Tennessee",7592.0,25,3.292939936775553,0.0,58.43333333,0.075910002,0.01825
47029,"Cocke County, Tennessee",36186.0,73,2.0173547780909744,9.2193389192,52.61685552000001,0.045219999,0.01117
47031,"Coffee County, Tennessee",58080.0,171,2.9442148760330578,11.217519421,58.29312207,0.15019999,0.01322
47033,"Crockett County, Tennessee",13955.0,70,5.016123253314224,21.601382488,58.367541769999995,0.084919997,0.01055
47035,"Cumberland County, Tennessee",61552.0,129,2.095788926436184,9.2881206511,65.77483443999999,0.051509999,0.021570001
47037,"Davidson County, Tennessee",709786.0,4855,6.840089829892389,13.401229129,62.09490961,0.064659998,0.01571
47039,"Decatur County, Tennessee",11483.0,44,3.8317512845075328,7.7827741266,56.99836868,0.058150001,0.024019999
47041,"DeKalb County, Tennessee",20209.0,45,2.226730664555396,6.6657144217,57.36522911,0.10678,0.0146
47043,"Dickson County, Tennessee",54563.0,164,3.005699833220314,6.2767884364,59.9383933,0.068109997,0.01309
47045,"Dyer County, Tennessee",36818.0,50,1.3580313976859146,13.457841252,53.614222219999995,0.099930003,0.0142
47047,"Fayette County, Tennessee",42228.0,114,2.6996305768684286,10.314004126,70.6547802,0.068429999,0.018929999
47049,"Fentress County, Tennessee",18642.0,59,3.164896470335801,6.7246016967,60.01375043,0.055659998,0.01415
47051,"Franklin County, Tennessee",42980.0,144,3.3503955328059565,10.240771927,57.92310021,0.088129997,0.020579999
47053,"Gibson County, Tennessee",50455.0,146,2.8936676246159942,17.703641049,60.48747461,0.047400001,0.01342
47055,"Giles County, Tennessee",30317.0,84,2.770722696836758,9.4913922891,57.15584416,0.050039999,0.018850001
47057,"Grainger County, Tennessee",23648.0,36,1.5223274695534506,7.0025126663,55.78860446,0.04549,0.0086200004
47059,"Greene County, Tennessee",70399.0,180,2.5568545007741585,9.8032350676,50.9422327,0.076629996,0.01384
47061,"Grundy County, Tennessee",13550.0,75,5.535055350553505,7.9808459697,56.35226179,0.04521,0.02399
47063,"Hamblen County, Tennessee",64531.0,253,3.920596302552262,11.969064572,52.72046233,0.039639998,0.01207
47065,"Hamilton County, Tennessee",367193.0,1816,4.945628048464976,14.038571375,61.287988680000005,0.06019,0.01712
47067,"Hancock County, Tennessee",6726.0,15,2.230151650312221,0.0,53.28155340000001,0.02503,0.01555
47069,"Hardeman County, Tennessee",25519.0,85,3.3308515223950783,13.31818716,49.58364129,0.035980001,0.01306
47071,"Hardin County, Tennessee",26824.0,75,2.796003578884581,11.818148244,56.6977887,0.081139997,0.019330001
47073,"Hawkins County, Tennessee",57107.0,129,2.2589174707128725,8.0974449977,55.01163435000001,0.10584,0.0099099996
47075,"Haywood County, Tennessee",17806.0,71,3.9874199707963607,19.943019943,56.678095240000005,0.049229998,0.018619999
47077,"Henderson County, Tennessee",27845.0,52,1.8674806967139523,7.8771169752,56.43192488,0.11732,0.01342
47079,"Henry County, Tennessee",32305.0,128,3.9622349481504413,12.971370333,59.007843140000006,0.054919999,0.01811
47081,"Hickman County, Tennessee",24996.0,86,3.4405504880780926,4.3213514044,50.01017294,0.133,0.01718
47083,"Houston County, Tennessee",8253.0,24,2.9080334423845873,10.950237255,57.6387803,0.088650003,0.01288
47085,"Humphreys County, Tennessee",19032.0,81,4.2559899117276165,12.561499006,57.23419041,0.04682,0.01418
47087,"Jackson County, Tennessee",11730.0,34,2.898550724637681,3.3363916924,55.7966457,0.079369999,0.016140001
47089,"Jefferson County, Tennessee",55017.0,148,2.690077612374357,9.519276535,55.12605041999999,0.05531,0.01462
47091,"Johnson County, Tennessee",17982.0,76,4.226448670893115,13.822846401,53.46812886,0.052060001,0.022190001
47093,"Knox County, Tennessee",481406.0,2017,4.189810679551148,11.322875849,61.9722109,0.083769999,0.015699999
47095,"Lake County, Tennessee",6898.0,10,1.4496955639315743,12.294452128,32.939271260000005,0.050319999,0.017720001
47097,"Lauderdale County, Tennessee",25171.0,73,2.9001628858607127,7.6634533941,45.69317023,0.095519997,0.0086899996
47099,"Lawrence County, Tennessee",44377.0,153,3.447731933208644,10.5691952,57.434795949999994,0.063320003,0.015
47101,"Lewis County, Tennessee",12637.0,61,4.827095038379362,8.4896195107,60.021401819999994,0.13055,0.01556
47103,"Lincoln County, Tennessee",35365.0,107,3.0255902728686555,7.2214198422,60.14643545,0.05187,0.01295
47105,"Loudon County, Tennessee",55507.0,166,2.9906137964581045,12.547051443,71.90248683,0.053690001,0.01787
47107,"McMinn County, Tennessee",53532.0,151,2.8207427333183888,13.889142711,55.31904589,0.055920001,0.017440001
47109,"McNairy County, Tennessee",25895.0,78,3.012164510523267,10.774203479,56.052696989999994,0.04428,0.017209999
47111,"Macon County, Tennessee",25365.0,51,2.010644589000591,3.8125738686,53.62916902,0.081200004,0.01012
47113,"Madison County, Tennessee",98644.0,417,4.2273224930051505,16.020958235,57.66648765,0.045680001,0.01395
47115,"Marion County, Tennessee",28852.0,75,2.59947317343685,6.8742696089,58.91555556,0.049070001,0.0121
47117,"Marshall County, Tennessee",34567.0,109,3.1532964966586627,6.1318914098,58.783089690000004,0.079920001,0.01196
47119,"Maury County, Tennessee",102002.0,545,5.343032489559028,10.077755896,65.98826108,0.070840001,0.01295
47121,"Meigs County, Tennessee",12839.0,35,2.7260690084897576,8.2881253767,56.738461539999996,0.071970001,0.01143
47123,"Monroe County, Tennessee",46489.0,138,2.96844414807804,10.054461667,57.60941828,0.039779998,0.01405
47125,"Montgomery County, Tennessee",222305.0,620,2.788961111985785,6.4200407311,52.582976540000004,0.075970002,0.0073500001
47127,"Moore County, Tennessee",6558.0,17,2.59225373589509,5.9329575794,69.12109375,0.19999,0.01873
47129,"Morgan County, Tennessee",21124.0,60,2.840371141829199,8.9521296645,47.49206349,0.04061,0.0197
47131,"Obion County, Tennessee",30670.0,85,2.7714378871861753,15.463578338,57.7203842,0.038800001,0.01998
47133,"Overton County, Tennessee",22576.0,57,2.524805102763997,7.3771914598,57.85014409,0.05861,0.015690001
47135,"Perry County, Tennessee",8432.0,30,3.557874762808349,4.6056419113,56.0130719,0.17278001,0.01857
47137,"Pickett County, Tennessee",5042.0,14,2.776675922253074,5.8742901899,71.750306,0.03568,0.01549
47139,"Polk County, Tennessee",17620.0,55,3.1214528944381383,14.555225886,61.74298375,0.069640003,0.01987
47141,"Putnam County, Tennessee",80157.0,261,3.2561098843519596,10.924716564,55.668240950000005,0.072109997,0.019130001
47143,"Rhea County, Tennessee",33031.0,137,4.147618903454331,11.265935369,54.910408700000005,0.034109998,0.01485
47145,"Roane County, Tennessee",53777.0,119,2.2128419212674566,11.07439817,60.16016713,0.049070001,0.015729999
47147,"Robertson County, Tennessee",73297.0,264,3.6017845205124357,9.6727176361,64.49928264,0.087559998,0.01548
47149,"Rutherford County, Tennessee",343727.0,901,2.6212662956357806,6.4333826005,61.94295555,0.060369998,0.01049
47151,"Scott County, Tennessee",21917.0,54,2.463840854131496,5.4458815521,53.99343871,0.084509999,0.01128
47153,"Sequatchie County, Tennessee",16065.0,47,2.9256146903205726,4.7312082323,61.92997438,0.041609999,0.01609
47155,"Sevier County, Tennessee",98455.0,235,2.3868772535676195,9.7176811183,58.41663871,0.056809999,0.016829999
47157,"Shelby County, Tennessee",926440.0,4150,4.4795129743966156,9.2975443352,57.064016009999996,0.0535,0.01158
47159,"Smith County, Tennessee",20034.0,99,4.941599281221923,6.8329347455,59.72286374,0.055160001,0.01426
47161,"Stewart County, Tennessee",13724.0,48,3.4975225881667154,7.8375489847,59.73434535,0.067539997,0.020300001
47163,"Sullivan County, Tennessee",158722.0,707,4.454328952508159,13.244621316,58.95734220999999,0.071330003,0.019069999
47165,"Sumner County, Tennessee",196845.0,681,3.45957479234931,7.8486004964,66.31349107,0.07361,0.01743
47167,"Tipton County, Tennessee",61116.0,171,2.797957981543295,8.271701051,59.10822511,0.059939999,0.01289
47169,"Trousdale County, Tennessee",11596.0,26,2.242152466367713,4.1284782429,45.14963298,0.087930001,0.016100001
47171,"Unicoi County, Tennessee",17845.0,67,3.7545530961053513,14.710874731,57.64746704,0.087480001,0.017379999
47173,"Union County, Tennessee",19860.0,42,2.1148036253776437,3.4226481518,52.93580971,0.05229,0.0096699996
47175,"Van Buren County, Tennessee",6182.0,11,1.779359430604982,0.0,62.88482239,0.0583,0.01456
47177,"Warren County, Tennessee",41163.0,108,2.62371547263319,10.469709228,53.7846464,0.16778,0.01327
47179,"Washington County, Tennessee",133282.0,591,4.434207169760358,12.557647681,59.45975309,0.074830003,0.015799999
47181,"Wayne County, Tennessee",16325.0,30,1.8376722817764164,7.9715477066,48.6966046,0.10644,0.01661
47183,"Weakley County, Tennessee",32946.0,99,3.0049171371334915,14.517738862,51.49981252,0.096720003,0.020020001
47185,"White County, Tennessee",27420.0,75,2.735229759299781,8.1955530217,56.57550535,0.076949999,0.01273
47187,"Williamson County, Tennessee",248897.0,682,2.7400892738763423,12.614305159,86.21147287000001,0.074730001,0.02128
47189,"Wilson County, Tennessee",149096.0,465,3.1187959435531467,8.8928132194,71.33397312999999,0.083580002,0.01332
51000,,,50,,10.990809247,71.96088111,,
51001,"Accomack County, Virginia",33367.0,164,4.915035813828034,10.545027266,70.54273237999999,0.067100003,0.025210001
51003,"Albemarle County, Virginia",112513.0,343,3.0485366135468794,10.389927882,79.35321551,0.081409998,0.00856
51005,"Alleghany County, Virginia",15159.0,117,7.7181872155155355,16.852039097,67.90562914,0.074560001,0.01326
51007,"Amelia County, Virginia",13309.0,50,3.7568562626793898,9.6618357488,78.1197427,0.06769,0.01857
51009,"Amherst County, Virginia",31426.0,124,3.9457773817857826,12.346069834,66.98837895999999,0.076099999,0.018030001
51011,"Appomattox County, Virginia",16253.0,108,6.644927090383314,17.912586578,75.4723127,0.078769997,0.020780001
51013,"Arlington County, Virginia",235845.0,1601,6.788356759736268,14.871794872,77.15491295,0.078390002,0.01405
51015,"Augusta County, Virginia",77433.0,355,4.584608629395736,13.450502152,69.98510180000001,0.071050003,0.0092000002
51017,"Bath County, Virginia",4177.0,32,7.661000718218817,12.348728081,70.55007051999999,0.06098,0.033849999
51019,"Bedford County, Virginia",79761.0,259,3.2472010130264164,12.492578666,77.96395675,0.072520003,0.0219
51021,"Bland County, Virginia",6241.0,40,6.409229290177857,9.7592713077,65.64150943,0.091109999,0.02234
51023,"Botetourt County, Virginia",33734.0,129,3.8240350981205906,18.163175626,78.94972902,0.078429997,0.02036
51025,"Brunswick County, Virginia",15965.0,78,4.8856874412777955,8.7934174989,58.89588737,0.029960001,0.018309999
51027,"Buchanan County, Virginia",20246.0,77,3.8032203892126843,8.267879289,56.493617019999995,0.060230002,0.015690001
51029,"Buckingham County, Virginia",16869.0,66,3.9125022230126265,11.777175833,58.884462150000004,0.06662,0.02471
51031,"Campbell County, Virginia",55518.0,293,5.2775676357217485,12.694728061,69.11129088,0.068219997,0.032140002
51033,"Caroline County, Virginia",31181.0,103,3.3032936724287225,10.326376068,70.92532114,0.08151,0.01211
51035,"Carroll County, Virginia",29126.0,74,2.5406852983588544,13.037362336,64.81887807999999,0.049120001,0.01311
51036,"Charles City County, Virginia",6760.0,37,5.473372781065089,16.654049962,76.30584191999999,0.063960001,0.034949999
51037,"Charlotte County, Virginia",11563.0,87,7.523998962207039,13.071895425,66.67743673,0.08399,0.017829999
51041,"Chesterfield County, Virginia",366019.0,1424,3.8905084162297587,8.1657893068,80.89760625,0.071589999,0.0099600004
51043,"Clarke County, Virginia",14882.0,117,7.861846526004569,14.411109655,81.76007005,0.098839998,0.03562
51045,"Craig County, Virginia",4898.0,26,5.308289097590854,6.1893955024,75.47619048,0.078129999,0.0261
51047,"Culpeper County, Virginia",52822.0,280,5.3008216273522395,8.642724481,73.04956897,0.09437,0.01754
51049,"Cumberland County, Virginia",9697.0,31,3.1968650097968445,3.0781859224,67.08333332999999,0.096179999,0.03427
51051,"Dickenson County, Virginia",14089.0,31,2.2002981049045354,2.1857923497,62.42631354,0.074380003,0.01963
51053,"Dinwiddie County, Virginia",28057.0,95,3.3859642869872046,7.4571215511,68.0126183,0.078199998,0.024870001
51057,"Essex County, Virginia",10602.0,69,6.508205998868138,12.22953904,69.57207207,0.063419998,0.018890001
51059,"Fairfax County, Virginia",1145354.0,4280,3.736835947663342,8.9165629329,80.62259470000001,0.06577,0.01277
51061,"Fauquier County, Virginia",73290.0,168,2.292263610315186,11.920068574,84.97956801,0.082649998,0.02571
51063,"Floyd County, Virginia",15532.0,84,5.4081895441668815,12.804917088,75.23581135,0.10648,0.032280002
51065,"Fluvanna County, Virginia",27442.0,115,4.190656657678012,5.6820199581,74.6924346,0.091870002,0.01595
51067,"Franklin County, Virginia",54838.0,187,3.4100441299828588,9.0786941206,65.99422351000001,0.088699996,0.02062
51069,"Frederick County, Virginia",92007.0,149,1.6194419989783386,7.890500889,75.40318836,0.069470003,0.01132
51071,"Giles County, Virginia",16711.0,84,5.0266291664173295,11.548045949,69.66223909,0.088890001,0.0175
51073,"Gloucester County, Virginia",38875.0,186,4.784565916398714,9.1155394627,74.79107232999999,0.1067,0.01785
51075,"Goochland County, Virginia",24906.0,80,3.2120774110656067,15.703397296,88.84696017,0.071879998,0.03607
51077,"Grayson County, Virginia",15356.0,123,8.009898411044544,7.1693932086,63.27626459,0.046390001,0.044130001
51079,"Greene County, Virginia",20631.0,33,1.599534680820125,2.3688823613,76.95918367,0.0625,0.01049
51081,"Greensville County, Virginia",11373.0,0,0.0,0.0,47.84518828,0.027419999,0.0052100001
51083,"Halifax County, Virginia",34013.0,170,4.9980889659835945,14.267031269,67.69801521,0.045329999,0.01785
51085,"Hanover County, Virginia",110513.0,405,3.664727226661117,12.219093662,87.15531001,0.081239998,0.01901
51087,"Henrico County, Virginia",333120.0,1402,4.2086935638808844,12.037297657,78.11258843,0.066540003,0.01495
51089,"Henry County, Virginia",50760.0,129,2.541371158392435,13.625616158,64.12429379,0.062089998,0.0070000002
51091,"Highland County, Virginia",2247.0,37,16.466399643969737,0.0,80.89709763,0.18811145,0.070120603
51093,"Isle of Wight County, Virginia",38898.0,163,4.190446809604607,12.203930164,81.62867582999999,0.066760004,0.01678
51095,"James City County, Virginia",78818.0,50,0.634372858991601,9.1134127268,83.9773304,0.070390001,0.0096800001
51097,"King and Queen County, Virginia",6681.0,34,5.089058524173028,13.396844299,72.4471831,0.096000001,0.03365
51099,"King George County, Virginia",26985.0,108,4.002223457476376,8.6157380816,71.88984336,0.063380003,0.01558
51101,"King William County, Virginia",17845.0,78,4.370972261137573,5.4077438892,82.33895706,0.10459,0.01394
51103,"Lancaster County, Virginia",10866.0,113,10.399411006810233,26.046511628,81.22657581,0.08647,0.049120001
51105,"Lee County, Virginia",22287.0,47,2.108852694395836,5.0040942589,51.94255875,0.11071,0.01405
51107,"Loudoun County, Virginia",420773.0,2,0.004753156690186871,7.0125091128,88.616839,0.078910001,0.0131
51109,"Louisa County, Virginia",38106.0,217,5.694641263842964,7.9768670855,76.52234637000001,0.0748,0.01763
51111,"Lunenburg County, Virginia",11988.0,37,3.0864197530864197,13.298977641,61.9082001,0.049079999,0.02073
51113,"Madison County, Virginia",13828.0,96,6.942435637836274,10.0,78.503861,0.083959997,0.031860001
51115,"Mathews County, Virginia",8537.0,145,16.984889305376594,17.667844523,78.399462,0.092009999,0.049419999
51117,"Mecklenburg County, Virginia",30367.0,171,5.631112721045872,16.389143831,66.24565706,0.046239998,0.01887
51119,"Middlesex County, Virginia",10738.0,100,9.312721177127958,15.535045234,76.36465954,0.087990001,0.040130001
51121,"Montgomery County, Virginia",99373.0,493,4.961106135469393,11.626143659,57.61785966,0.09087,0.02946
51125,"Nelson County, Virginia",14773.0,126,8.529073309415827,10.92001092,77.9748954,0.095299996,0.03449
51127,"New Kent County, Virginia",23296.0,133,5.709134615384615,8.8049307612,83.21449109,0.072209999,0.0175
51131,"Northampton County, Virginia",12132.0,81,6.6765578635014835,10.924369748,72.93607801,0.06078,0.02918
51133,"Northumberland County, Virginia",12007.0,59,4.913800283168151,17.070395058,75.72674418999999,0.073380001,0.031660002
51135,"Nottoway County, Virginia",15638.0,70,4.476275738585497,16.067870686,58.71422646,0.069899999,0.01712
51137,"Orange County, Virginia",36593.0,178,4.864318312245512,7.8966070912,73.94975949,0.099229999,0.02437
51139,"Page County, Virginia",23753.0,94,3.957394855386688,10.526315789,66.08925271,0.063780002,0.01802
51141,"Patrick County, Virginia",17660.0,95,5.379388448471121,7.9351584198,65.89495507999999,0.075410001,0.02513
51143,"Pittsylvania County, Virginia",60541.0,141,2.3290001816950494,13.84440886,70.13010962,0.041900001,0.0069300001
51145,"Powhatan County, Virginia",30503.0,174,5.704356948496869,6.9865667376,83.41999577,0.12346,0.02084
51147,"Prince Edward County, Virginia",21922.0,121,5.519569382355625,10.489351028,51.09391676,0.11552,0.024879999
51149,"Prince George County, Virginia",42634.0,74,1.7357038982971338,6.0277275467,59.075203249999994,0.045329999,0.00459
51153,"Prince William County, Virginia",481114.0,919,1.9101501930935287,5.996595084,78.1254706,0.053289998,0.0085899998
51155,"Pulaski County, Virginia",33841.0,109,3.220945007535238,14.834154157,62.304246549999995,0.10466,0.025529999
51157,"Rappahannock County, Virginia",7422.0,52,7.006197790353005,9.330845108,84.53310696,0.12785,0.075350001
51159,"Richmond County, Virginia",8968.0,48,5.35236396074933,17.621145374,56.93268563,0.10175,0.02963
51161,"Roanoke County, Virginia",96653.0,527,5.452495007914911,11.96937491,78.17225599,0.074029997,0.01047
51163,"Rockbridge County, Virginia",22673.0,238,10.497066995986415,11.065374231,67.43121765,0.051430002,0.01028
51165,"Rockingham County, Virginia",83905.0,418,4.981824682676837,12.998114688,71.66148813999999,0.065959997,0.02038
51167,"Russell County, Virginia",25763.0,105,4.075612312230719,8.2521219742,61.77203507,0.058290001,0.01469
51169,"Scott County, Virginia",21536.0,75,3.4825408618127787,5.1219966474,61.54586636,0.13891,0.01609
51171,"Shenandoah County, Virginia",44337.0,205,4.62367774093872,14.677103718,71.62861031,0.075889997,0.01998
51173,"Smyth County, Virginia",29799.0,91,3.05379375146817,9.5079629189,58.32886321,0.063510001,0.01543
51175,"Southampton County, Virginia",18003.0,163,9.05404654779759,11.153245594,68.40964698,0.044780001,0.0113
51177,"Spotsylvania County, Virginia",141097.0,294,2.083672934222556,5.9309554974,76.97976288,0.064790003,0.0089499997
51179,"Stafford County, Virginia",157606.0,425,2.6965978452596984,5.5086301873,76.30587897,0.072980002,0.01143
51181,"Surry County, Virginia",6546.0,33,5.0412465627864345,16.853071855,85.81573896,0.056030001,0.04933
51183,"Sussex County, Virginia",10866.0,64,5.889931897662433,12.172284644,54.185303510000004,0.047680002,0.024730001
51185,"Tazewell County, Virginia",40392.0,175,4.332541097246979,11.300570051,60.965058240000005,0.068889998,0.0184
51187,"Warren County, Virginia",40800.0,247,6.053921568627451,10.376447876,69.88433576,0.07728,0.01798
51191,"Washington County, Virginia",53985.0,111,2.0561267018616283,10.378442492,65.35990887999999,0.05926,0.02011
51193,"Westmoreland County, Virginia",18480.0,93,5.032467532467533,18.704574605,70.60326473,0.05288,0.024909999
51195,"Wise County, Virginia",36105.0,126,3.4898213543830496,8.4695519607,54.55590215,0.097460002,0.01459
51197,"Wythe County, Virginia",28275.0,139,4.916003536693192,9.9605136779,66.16769096,0.054579999,0.019239999
51199,"York County, Virginia",70238.0,126,1.7939007374925253,7.7094517879,76.88999009,0.068949997,0.02093
51510,"Alexandria city, Virginia",157594.0,1428,9.061258677360813,20.896961903,76.17205889,0.073430002,0.02564
51515,,,107,,,,,
51520,"Bristol city, Virginia",17036.0,93,5.459027940831181,20.029455081,58.031934650000004,0.072700001,0.021570001
51530,"Buena Vista city, Virginia",6639.0,0,0.0,12.137763617,54.59193706999999,,
51540,"Charlottesville city, Virginia",46289.0,833,17.99563611225129,24.904678994,65.21141933999999,,
51550,"Chesapeake city, Virginia",249377.0,949,3.8054832642946224,8.9509204398,71.21645446,0.048579998,0.0122
51570,"Colonial Heights city, Virginia",18158.0,97,5.341998017402798,10.385918881,70.48864947999999,,
51580,"Covington city, Virginia",5722.0,0,0.0,29.934847684,59.49714286,,
51590,"Danville city, Virginia",42507.0,275,6.469522666854871,18.707523266,62.98478472,,
51595,"Emporia city, Virginia",5680.0,71,12.5,23.71829958,64.95912807,,
51600,"Fairfax city, Virginia",24242.0,505,20.831614553254685,23.354137306,86.17891374,,
51610,"Falls Church city, Virginia",14576.0,126,8.644346871569704,12.340600576,87.53349876,,
51620,"Franklin city, Virginia",8194.0,0,0.0,13.338183582,68.64864865,,
51630,"Fredericksburg city, Virginia",28258.0,94,3.32649161299455,15.996105296,59.67099165999999,0.060059998,0.041409999
51640,"Galax city, Virginia",6687.0,0,0.0,16.344725111,60.666666670000005,,
51650,"Hampton city, Virginia",137217.0,651,4.744310107348215,9.1279874237,63.09863197,0.043579999,0.01265
51660,"Harrisonburg city, Virginia",51784.0,27,0.521396570369226,14.464990813,43.06626354,0.070390001,0.02293
51670,"Hopewell city, Virginia",23046.0,103,4.469322225114988,11.323055483,58.850855749999994,,
51678,"Lexington city, Virginia",7346.0,0,0.0,22.797371597,42.786377710000004,,
51680,"Lynchburg city, Virginia",79166.0,391,4.9389889599070305,16.774502756,57.40173639,0.070469998,0.01902
51683,"Manassas city, Virginia",42620.0,0,0.0,10.318465363,69.86831276,0.039170001,0.01811
51685,"Manassas Park city, Virginia",17123.0,0,0.0,2.3947793809,59.92125984,,
51690,"Martinsville city, Virginia",13539.0,165,12.187015289164636,26.229508197,65.19480519000001,,
51700,"Newport News city, Virginia",185118.0,581,3.138538661826511,10.03765477,61.412324780000006,0.039900001,0.01385
51710,"Norfolk city, Virginia",236973.0,1104,4.658758592751073,11.03027962,47.714944720000005,0.044799998,0.017829999
51720,"Norton city, Virginia",3668.0,0,0.0,0.0,48.005997,,
51730,"Petersburg city, Virginia",33261.0,293,8.809115781245302,14.673294604,59.3324937,,
51735,"Poquoson city, Virginia",12479.0,49,3.9265966824264766,6.3582896201,84.03208556,0.080059998,0.01516
51740,"Portsmouth city, Virginia",97384.0,440,4.51819600755771,8.4510816354,62.26581041,0.036910001,0.0083499998
51750,"Radford city, Virginia",16379.0,81,4.945356859393125,13.143744772,40.1397269,0.10399,0.02035
51760,"Richmond city, Virginia",227171.0,1650,7.263251031161548,13.775365636,61.97552886,0.074720003,0.02341
51770,"Roanoke city, Virginia",99213.0,426,4.293792144174654,16.556460597,59.17230076,0.066820003,0.022430001
51775,"Salem city, Virginia",25372.0,161,6.34557780230175,15.280335384,65.41854637,,
51790,"Staunton city, Virginia",25581.0,0,0.0,21.232242125,66.59149154,,
51800,"Suffolk city, Virginia",94856.0,398,4.19583368474319,10.655895755,72.91715629,0.049430002,0.01105
51810,"Virginia Beach city, Virginia",457900.0,1714,3.743175365800393,7.6379774285,67.68327661,0.052560002,0.01297
51820,"Waynesboro city, Virginia",22341.0,139,6.221744774181998,17.537706068,64.73572939,,
51830,"Williamsburg city, Virginia",15486.0,270,17.43510267338241,13.828650449,54.16666667,,
51840,"Winchester city, Virginia",28103.0,182,6.476176920613458,17.898052692,62.293648749999996,0.064120002,0.026079999
54001,"Barbour County, West Virginia",15527.0,166,10.691054292522702,5.8388478007,50.41147603,0.078869998,0.01781
54003,"Berkeley County, West Virginia",123283.0,245,1.9872975187170983,7.2592478184,58.38006231,0.077540003,0.0121
54005,"Boone County, West Virginia",21705.0,64,2.94862934807648,6.6768409004,52.410584469999996,0.10344,0.01119
54007,"Braxton County, West Virginia",12505.0,59,4.718112754898041,8.2068116537,50.413885179999994,0.059670001,0.01671
54009,"Brooke County, West Virginia",22349.0,71,3.176875922860083,16.104541481,58.872928179999995,0.082319997,0.023490001
54011,"Cabell County, West Virginia",93965.0,515,5.480764114297877,14.34271541,50.36737445,0.087810002,0.018209999
54013,"Calhoun County, West Virginia",6279.0,24,3.822264691829909,4.9439683586,50.96054889,0.078270003,0.01491
54015,"Clay County, West Virginia",8049.0,24,2.981736861721953,0.0,50.41198502,0.05751,0.019889999
54017,"Doddridge County, West Virginia",7847.0,59,7.518796992481203,7.7942322681,43.79943503,0.11282,0.027140001
54019,"Fayette County, West Virginia",40545.0,183,4.513503514613392,11.142907792,49.4922219,0.077909999,0.017209999
54021,"Gilmer County, West Virginia",7444.0,46,6.179473401397098,5.4607508532,40.36391205,0.086669996,0.01147
54023,"Grant County, West Virginia",11034.0,88,7.975348921515316,13.676148796,58.41993637,0.097829998,0.01454
54025,"Greenbrier County, West Virginia",32995.0,244,7.395059857554175,11.715739171,56.647605430000006,0.11121,0.02196
54027,"Hampshire County, West Virginia",23275.0,127,5.456498388829216,8.5222430544,53.449920510000005,0.072970003,0.01564
54029,"Hancock County, West Virginia",28907.0,132,4.566368007748989,12.068720716,58.72340426,0.05796,0.01387
54031,"Hardy County, West Virginia",14249.0,96,6.737314899291178,7.0462232244,59.25128684999999,0.1089,0.01694
54033,"Harrison County, West Virginia",65862.0,351,5.329324952172725,18.177616884,57.622470209999996,0.10295,0.0136
54035,"Jackson County, West Virginia",27868.0,137,4.916032725706904,9.0200606148,60.08896797,0.095899999,0.0163
54037,"Jefferson County, West Virginia",58043.0,333,5.737125923884017,7.9689380966,64.0679926,0.11936,0.018370001
54039,"Kanawha County, West Virginia",179895.0,1012,5.625503766085773,17.491382503,57.29093379,0.081239998,0.01914
54041,"Lewis County, West Virginia",16920.0,71,4.196217494089835,10.13896344,59.300198810000005,0.088030003,0.0136
54043,"Lincoln County, West Virginia",20410.0,42,2.0578147966683,3.5174111854,49.167974879999996,0.064060003,0.0069300001
54045,"Logan County, West Virginia",32350.0,82,2.534775888717156,6.7058372717,50.36149236000001,0.054529998,0.01263
54047,"McDowell County, West Virginia",18911.0,114,6.028237533710539,5.0420168067,45.851773800000004,0.03999,0.01271
54049,"Marion County, West Virginia",56194.0,297,5.285261771719401,14.476694309,57.62734584,0.09595,0.01592
54051,"Marshall County, West Virginia",30509.0,126,4.12992887344718,12.436138747,56.70559806999999,0.11431,0.01496
54053,"Mason County, West Virginia",25488.0,108,4.237288135593221,15.2,53.19563153,0.09166,0.01651
54055,"Mercer County, West Virginia",59530.0,254,4.266756257349236,11.925042589,53.49366819,0.06323,0.01675
54057,"Mineral County, West Virginia",26957.0,70,2.5967281225655676,13.032954757,59.53746531,0.11009,0.01371
54059,"Mingo County, West Virginia",23466.0,81,3.4518026080286375,6.2020998538,54.2022715,0.066320002,0.01102
54061,"Monongalia County, West Virginia",105988.0,383,3.6136166358455672,10.012257998,49.39187603,0.089400001,0.01487
54063,"Monroe County, West Virginia",12438.0,100,8.039877793857533,10.572543917,61.226415089999996,0.11547,0.0143
54065,"Morgan County, West Virginia",17237.0,106,6.149561988745141,11.474469306,59.718406589999994,0.067570001,0.02461
54067,"Nicholas County, West Virginia",24624.0,98,3.9798570500324884,10.273268954,54.27623181,0.091779999,0.01439
54069,"Ohio County, West Virginia",42224.0,388,9.189086775293672,18.577942915,59.28199017,0.14071999,0.021640001
54071,"Pendleton County, West Virginia",6156.0,56,9.096816114359974,9.9817002163,63.304498269999996,0.14917,0.01908
54073,"Pleasants County, West Virginia",7622.0,37,4.854368932038835,13.182177696,58.32915622,0.092239998,0.01478
54075,"Pocahontas County, West Virginia",7940.0,74,9.319899244332493,7.6736155519,58.044895,0.1167,0.031830002
54077,"Preston County, West Virginia",34206.0,183,5.349938607261884,7.9012056655,54.0504451,0.10343,0.01346
54079,"Putnam County, West Virginia",57347.0,199,3.470103056829477,9.1204069105,65.07820527,0.087640002,0.016249999
54081,"Raleigh County, West Virginia",74303.0,279,3.754895495471246,9.8789824648,56.61080711,0.069909997,0.01286
54083,"Randolph County, West Virginia",28005.0,174,6.213176218532404,10.144927536,52.80242372,0.20254999,0.01935
54085,"Ritchie County, West Virginia",8507.0,49,5.759962383919126,10.966248325,55.47927461,0.08365,0.01506
54087,"Roane County, West Virginia",14027.0,53,3.778427318742425,6.5057105682,53.18874019,0.08647,0.01448
54089,"Summers County, West Virginia",11985.0,46,3.838130997079683,10.20234654,52.71354412,0.093900003,0.021330001
54091,"Taylor County, West Virginia",16602.0,70,4.216359474762077,10.402643495,55.15875981,0.10374,0.018030001
54093,"Tucker County, West Virginia",6747.0,56,8.299985178597897,6.0901339829,65.59726961999999,0.15909,0.032930002
54095,"Tyler County, West Virginia",8336.0,35,4.198656429942419,14.664548454,56.02857143,0.081330001,0.027659999
54097,"Upshur County, West Virginia",23875.0,119,4.984293193717277,11.386639676,52.61776062,0.084569998,0.01481
54099,"Wayne County, West Virginia",38933.0,73,1.8750160532196338,6.3161219012,53.73176918,0.066,0.01009
54101,"Webster County, West Virginia",8362.0,44,5.261899067208802,6.1221990939,51.31221719,0.098279998,0.017240001
54103,"Wetzel County, West Virginia",14431.0,74,5.127849767860855,15.68627451,54.737274219999996,0.076559998,0.01169
54105,"Wirt County, West Virginia",5202.0,42,8.073817762399077,7.8570025535,58.17982456000001,0.15637,0.0116
54107,"Wood County, West Virginia",84272.0,422,5.0075944560470855,16.918646508,58.45133077,0.087109998,0.01545
54109,"Wyoming County, West Virginia",21237.0,58,2.7310825446155294,8.7689384713,51.915407849999994,0.05037,0.0072499998
