county_fips,county_name,total_locations,percent_covered,min_download_mbps,min_upload_mbps
10001,Kent County,89997,100.0,100,10
10003,New Castle County,258964,100.0,100,10
10005,Sussex County,184816,99.99783570000001,100,10
13001,Appling County,10332,100.0,100,10
13003,Atkinson County,4326,100.0,100,10
13005,Bacon County,5573,100.0,100,10
13007,Baker County,1728,100.0,100,10
13009,Baldwin County,22578,100.0,100,10
13011,Banks County,8660,99.9884527,100,10
13013,Barrow County,36816,100.0,100,10
13015,Bartow County,52697,100.0,100,10
13017,Ben Hill County,9525,100.0,100,10
13019,Berrien County,9410,100.0,100,10
13021,Bibb County,81430,100.0,100,10
13023,Bleckley County,6101,100.0,100,10
13025,Brantley County,9101,100.0,100,10
13027,Brooks County,8799,99.9886351,100,10
13029,Bryan County,19994,100.0,100,10
13031,Bulloch County,39979,100.0,100,10
13033,Burke County,13277,100.0,100,10
13035,Butts County,10985,100.0,100,10
13037,Calhoun County,2558,100.0,100,10
13039,Camden County,27289,100.0,100,10
13043,Candler County,5379,100.0,100,10
13045,Carroll County,53974,100.0,100,10
13047,Catoosa County,31195,99.9935887,100,10
13049,Charlton County,5554,100.0,100,10
13051,Chatham County,153855,100.0,100,10
13053,Chattahoochee County,4554,100.0,100,10
13055,Chattooga County,12353,100.0,100,10
13057,Cherokee County,119165,100.0,100,10
13059,Clarke County,65428,100.0,100,10
13061,Clay County,2336,100.0,100,10
13063,Clayton County,124186,100.0,100,10
13065,Clinch County,3697,100.0,100,10
13067,Cobb County,349898,100.0,100,10
13069,Coffee County,20792,100.0,100,10
13071,Colquitt County,22547,100.0,100,10
13073,Columbia County,68938,100.0,100,10
13075,Cook County,9511,99.98948589999999,100,10
13077,Coweta County,65065,100.0,100,10
13079,Crawford County,5975,100.0,100,10
13081,Crisp County,11832,100.0,100,10
13083,Dade County,8091,100.0,100,10
13085,Dawson County,14826,100.0,100,10
13087,Decatur County,15408,99.99350989999999,100,10
13089,DeKalb County,371001,100.0,100,10
13091,Dodge County,10031,100.0,100,10
13093,Dooly County,5697,100.0,100,10
13095,Dougherty County,46589,100.0,100,10
13097,Douglas County,63386,100.0,100,10
13099,Early County,6270,100.0,100,10
13101,Echols County,1749,100.0,100,10
13103,Effingham County,28240,100.0,100,10
13105,Elbert County,11108,100.0,100,10
13107,Emanuel County,11728,100.0,100,10
13109,Evans County,5565,100.0,100,10
13111,Fannin County,20580,99.9611273,100,10
13113,Fayette County,52785,100.0,100,10
13115,Floyd County,46693,100.0,100,10
13117,Forsyth County,104682,100.0,100,10
13119,Franklin County,13223,100.0,100,10
13121,Fulton County,558074,100.0,100,10
13123,Gilmer County,20915,100.0,100,10
13125,Glascock County,1605,100.0,100,10
13127,Glynn County,50833,100.0,100,10
13129,Gordon County,26828,99.9962726,100,10
13131,Grady County,13817,100.0,100,10
13133,Greene County,12954,99.9768411,100,10
13135,Gwinnett County,380097,99.9892133,100,10
13137,Habersham County,23166,100.0,100,10
13139,Hall County,92433,99.9989181,100,10
13141,Hancock County,5988,100.0,100,10
13143,Haralson County,14623,99.9863229,100,10
13145,Harris County,16428,99.99391279999999,100,10
13147,Hart County,14877,100.0,100,10
13149,Heard County,5451,100.0,100,10
13151,Henry County,100780,100.0,100,10
13153,Houston County,78998,100.0,100,10
13155,Irwin County,5040,100.0,100,10
13157,Jackson County,35345,99.9971707,100,10
13159,Jasper County,7488,99.9332265,100,10
13161,Jeff Davis County,7321,100.0,100,10
13163,Jefferson County,8302,100.0,100,10
13165,Jenkins County,4754,100.0,100,10
13167,Johnson County,4235,100.0,100,10
13169,Jones County,12940,100.0,100,10
13171,Lamar County,8758,100.0,100,10
13173,Lanier County,4638,100.0,100,10
13175,Laurens County,24993,100.0,100,10
13177,Lee County,14670,100.0,100,10
13179,Liberty County,31174,100.0,100,10
13181,Lincoln County,5237,100.0,100,10
13183,Long County,8061,100.0,100,10
13185,Lowndes County,58348,100.0,100,10
13187,Lumpkin County,15403,100.0,100,10
13189,McDuffie County,10714,100.0,100,10
13191,McIntosh County,7685,100.0,100,10
13193,Macon County,6155,100.0,100,10
13195,Madison County,14642,100.0,100,10
13197,Marion County,4094,100.0,100,10
13199,Meriwether County,11559,100.0,100,10
13201,Miller County,3572,100.0,100,10
13205,Mitchell County,10559,100.0,100,10
13207,Monroe County,13119,100.0,100,10
13209,Montgomery County,4362,100.0,100,10
13211,Morgan County,10628,100.0,100,10
13213,Murray County,17628,100.0,100,10
13215,Muscogee County,105575,100.0,100,10
13217,Newton County,47916,99.99791300000001,100,10
13219,Oconee County,18373,100.0,100,10
13221,Oglethorpe County,7356,99.9864057,100,10
13223,Paulding County,68462,100.0,100,10
13225,Peach County,13736,100.0,100,10
13227,Pickens County,18140,99.9944873,100,10
13229,Pierce County,9607,100.0,100,10
13231,Pike County,8166,100.0,100,10
13233,Polk County,19171,100.0,100,10
13235,Pulaski County,5178,100.0,100,10
13237,Putnam County,15635,100.0,100,10
13239,Quitman County,1898,100.0,100,10
13241,Rabun County,13887,100.0,100,10
13243,Randolph County,4278,100.0,100,10
13245,Richmond County,108248,100.0,100,10
13247,Rockdale County,42161,100.0,100,10
13249,Schley County,2353,100.0,100,10
13251,Screven County,7588,100.0,100,10
13253,Seminole County,5859,100.0,100,10
13255,Spalding County,32461,100.0,100,10
13257,Stephens County,14096,100.0,100,10
13259,Stewart County,2721,100.0,100,10
13261,Sumter County,15628,100.0,100,10
13263,Talbot County,3522,100.0,100,10
13265,Taliaferro County,1175,100.0,100,10
13267,Tattnall County,10977,100.0,100,10
13269,Taylor County,4656,100.0,100,10
13271,Telfair County,5840,100.0,100,10
13273,Terrell County,4980,100.0,100,10
13275,Thomas County,24742,100.0,100,10
13277,Tift County,21916,100.0,100,10
13279,Toombs County,14324,100.0,100,10
13281,Towns County,10150,100.0,100,10
13283,Treutlen County,3380,100.0,100,10
13285,Troup County,33668,100.0,100,10
13287,Turner County,5027,100.0,100,10
13289,Twiggs County,4617,100.0,100,10
13291,Union County,17054,100.0,100,10
13293,Upson County,13921,100.0,100,10
13295,Walker County,33534,99.997018,100,10
13297,Walton County,42458,100.0,100,10
13299,Ware County,18722,99.9946587,100,10
13301,Warren County,3210,100.0,100,10
13303,Washington County,10587,100.0,100,10
13305,Wayne County,14909,100.0,100,10
13307,Webster County,1470,100.0,100,10
13309,Wheeler County,2935,100.0,100,10
13311,White County,16821,100.0,100,10
13313,Whitfield County,47022,100.0,100,10
13315,Wilcox County,4238,100.0,100,10
13317,Wilkes County,6390,100.0,100,10
13319,Wilkinson County,5098,100.0,100,10
13321,Worth County,11198,100.0,100,10
21001,Adair County,10594,100.0,100,10
21003,Allen County,10743,100.0,100,10
21005,Anderson County,11629,100.0,100,10
21007,Ballard County,4592,100.0,100,10
21009,Barren County,22741,100.0,100,10
21011,Bath County,6207,100.0,100,10
21013,Bell County,13413,100.0,100,10
21015,Boone County,62546,100.0,100,10
21017,Bourbon County,10396,99.92304730000001,100,10
21019,Boyd County,24149,100.0,100,10
21021,Boyle County,15225,99.99343189999999,100,10
21023,Bracken County,4874,100.0,100,10
21025,Breathitt County,7214,100.0,100,10
21027,Breckinridge County,13901,99.9568376,100,10
21029,Bullitt County,37901,99.9947231,100,10
21031,Butler County,6811,100.0,100,10
21033,Caldwell County,7106,99.9718548,100,10
21035,Calloway County,22257,99.99550699999999,100,10
21037,Campbell County,48124,100.0,100,10
21039,Carlisle County,2830,100.0,100,10
21041,Carroll County,5738,100.0,100,10
21043,Carter County,14335,100.0,100,10
21045,Casey County,9215,100.0,100,10
21047,Christian County,33299,100.0,100,10
21049,Clark County,19790,99.9898939,100,10
21051,Clay County,10506,100.0,100,10
21053,Clinton County,6799,100.0,100,10
21055,Crittenden County,5227,100.0,100,10
21057,Cumberland County,6001,100.0,100,10
21059,Daviess County,53575,100.0,100,10
21061,Edmonson County,7621,100.0,100,10
21063,Elliott County,3736,100.0,100,10
21065,Estill County,8563,100.0,100,10
21067,Fayette County,163569,99.99755449999999,100,10
21069,Fleming County,8515,100.0,100,10
21071,Floyd County,19785,100.0,100,10
21073,Franklin County,29538,100.0,100,10
21075,Fulton County,3711,100.0,100,10
21077,Gallatin County,4397,100.0,100,10
21079,Garrard County,9263,99.9136349,100,10
21081,Grant County,11964,100.0,100,10
21083,Graves County,19102,100.0,100,10
21085,Grayson County,17538,100.0,100,10
21087,Green County,6173,100.0,100,10
21089,Greenup County,18460,99.9891658,100,10
21091,Hancock County,4584,100.0,100,10
21093,Hardin County,57396,100.0,100,10
21095,Harlan County,15441,100.0,100,10
21097,Harrison County,10607,99.9528613,100,10
21099,Hart County,10183,100.0,100,10
21101,Henderson County,23177,100.0,100,10
21103,Henry County,8028,100.0,100,10
21105,Hickman County,2854,100.0,100,10
21107,Hopkins County,25205,100.0,100,10
21109,Jackson County,8253,100.0,100,10
21111,Jefferson County,394877,99.998987,100,10
21113,Jessamine County,23702,99.9957809,100,10
21115,Johnson County,12045,100.0,100,10
21117,Kenton County,79200,100.0,100,10
21119,Knott County,7800,100.0,100,10
21121,Knox County,15044,100.0,100,10
21123,Larue County,7167,99.9302358,100,10
21125,Laurel County,30501,100.0,100,10
21127,Lawrence County,9558,100.0,100,10
21129,Lee County,4039,100.0,100,10
21131,Leslie County,5892,100.0,100,10
21133,Letcher County,11542,100.0,100,10
21135,Lewis County,7712,100.0,100,10
21137,Lincoln County,12797,100.0,100,10
21139,Livingston County,5722,100.0,100,10
21141,Logan County,14921,100.0,100,10
21143,Lyon County,6064,100.0,100,10
21145,McCracken County,38906,100.0,100,10
21147,McCreary County,7476,100.0,100,10
21149,McLean County,5107,100.0,100,10
21151,Madison County,47511,99.9915809,100,10
21153,Magoffin County,7209,100.0,100,10
21155,Marion County,10096,100.0,100,10
21157,Marshall County,22742,100.0,100,10
21159,Martin County,5179,100.0,100,10
21161,Mason County,9839,100.0,100,10
21163,Meade County,14334,100.0,100,10
21165,Menifee County,4665,100.0,100,10
21167,Mercer County,11737,99.9829599,100,10
21169,Metcalfe County,5245,100.0,100,10
21171,Monroe County,6621,100.0,100,10
21173,Montgomery County,14168,99.9929418,100,10
21175,Morgan County,6969,100.0,100,10
21177,Muhlenberg County,15749,99.9809512,100,10
21179,Nelson County,24469,100.0,100,10
21181,Nicholas County,3971,99.9748174,100,10
21183,Ohio County,12414,99.99194460000001,100,10
21185,Oldham County,26459,100.0,100,10
21187,Owen County,7545,100.0,100,10
21189,Owsley County,2317,100.0,100,10
21191,Pendleton County,7680,100.0,100,10
21193,Perry County,14815,100.0,100,10
21195,Pike County,31096,100.0,100,10
21197,Powell County,7079,100.0,100,10
21199,Pulaski County,36483,100.0,100,10
21201,Robertson County,1888,100.0,100,10
21203,Rockcastle County,10386,100.0,100,10
21205,Rowan County,12297,99.9918679,100,10
21207,Russell County,12023,100.0,100,10
21209,Scott County,26137,100.0,100,10
21211,Shelby County,22512,99.9866738,100,10
21213,Simpson County,10271,100.0,100,10
21215,Spencer County,9664,99.97930459999999,100,10
21217,Taylor County,12892,100.0,100,10
21219,Todd County,6436,100.0,100,10
21221,Trigg County,9382,100.0,100,10
21223,Trimble County,5867,99.9829555,100,10
21225,Union County,7398,100.0,100,10
21227,Warren County,67927,100.0,100,10
21229,Washington County,6337,100.0,100,10
21231,Wayne County,11781,99.9915118,100,10
21233,Webster County,7990,100.0,100,10
21235,Whitley County,17980,100.0,100,10
21237,Wolfe County,4655,100.0,100,10
21239,Woodford County,12699,99.9606268,100,10
24001,Allegany County,37440,99.9946581,100,10
24003,Anne Arundel County,260434,100.0,100,10
24005,Baltimore County,379683,99.9994732,100,10
24009,Calvert County,38979,100.0,100,10
24011,Caroline County,15446,100.0,100,10
24013,Carroll County,73090,99.9904228,100,10
24015,Cecil County,52641,97.5779335,100,10
24017,Charles County,70254,100.0,100,10
24019,Dorchester County,19078,100.0,100,10
24021,Frederick County,120642,99.9975133,100,10
24023,Garrett County,21177,99.9858337,100,10
24025,Harford County,115040,99.9947844,100,10
24027,Howard County,136814,100.0,100,10
24029,Kent County,12204,100.0,100,10
24031,Montgomery County,426636,100.0,100,10
24033,Prince George's County,391450,100.0,100,10
24035,Queen Anne's County,25427,100.0,100,10
24037,St. Mary's County,50834,100.0,100,10
24039,Somerset County,13190,100.0,100,10
24041,Talbot County,22990,100.0,100,10
24043,Washington County,72093,99.9958387,100,10
24045,Wicomico County,50088,100.0,100,10
24047,Worcester County,62108,100.0,100,10
24510,Baltimore city,316424,100.0,100,10
37001,Alamance County,86532,99.9965331,100,10
37003,Alexander County,21213,100.0,100,10
37005,Alleghany County,8738,100.0,100,10
37007,Anson County,12137,100.0,100,10
37009,Ashe County,19803,100.0,100,10
37011,Avery County,15930,100.0,100,10
37013,Beaufort County,32168,100.0,100,10
37015,Bertie County,10638,99.9435984,100,10
37017,Bladen County,19433,100.0,100,10
37019,Brunswick County,111136,100.0,100,10
37021,Buncombe County,151999,99.98289460000001,100,10
37023,Burke County,47281,100.0,100,10
37025,Cabarrus County,105888,100.0,100,10
37027,Caldwell County,40894,99.9951093,100,10
37029,Camden County,4754,99.9789651,100,10
37031,Carteret County,62742,100.0,100,10
37033,Caswell County,13295,100.0,100,10
37035,Catawba County,83778,100.0,100,10
37037,Chatham County,42089,99.9904963,100,10
37039,Cherokee County,21506,99.9535013,100,10
37041,Chowan County,8769,100.0,100,10
37043,Clay County,8895,99.9887577,100,10
37045,Cleveland County,50234,99.9940279,100,10
37047,Columbus County,32987,100.0,100,10
37049,Craven County,54830,100.0,100,10
37051,Cumberland County,156599,99.9993614,100,10
37053,Currituck County,25554,100.0,100,10
37055,Dare County,38497,100.0,100,10
37057,Davidson County,86374,100.0,100,10
37059,Davie County,23150,100.0,100,10
37061,Duplin County,32820,99.9939062,100,10
37063,Durham County,172163,100.0,100,10
37065,Edgecombe County,30167,100.0,100,10
37067,Forsyth County,192499,100.0,100,10
37069,Franklin County,36358,100.0,100,10
37071,Gaston County,113589,100.0,100,10
37073,Gates County,5707,100.0,100,10
37075,Graham County,6307,100.0,100,10
37077,Granville County,29583,100.0,100,10
37079,Greene County,9322,100.0,100,10
37081,Guilford County,270018,100.0,100,10
37083,Halifax County,29044,100.0,100,10
37085,Harnett County,64489,100.0,100,10
37087,Haywood County,39055,99.9769556,100,10
37089,Henderson County,64833,99.959897,100,10
37091,Hertford County,11387,100.0,100,10
37093,Hoke County,24723,100.0,100,10
37095,Hyde County,4357,100.0,100,10
37097,Iredell County,93566,100.0,100,10
37099,Jackson County,34750,99.9971223,100,10
37101,Johnston County,110025,100.0,100,10
37103,Jones County,5710,100.0,100,10
37105,Lee County,31352,100.0,100,10
37107,Lenoir County,32195,100.0,100,10
37109,Lincoln County,44085,100.0,100,10
37111,McDowell County,25300,99.9920949,100,10
37113,Macon County,31835,99.96230560000001,100,10
37115,Madison County,14053,100.0,100,10
37117,Martin County,17939,99.9777022,100,10
37119,Mecklenburg County,558444,99.99928369999999,100,10
37121,Mitchell County,10447,100.0,100,10
37123,Montgomery County,17303,100.0,100,10
37125,Moore County,60721,100.0,100,10
37127,Nash County,53148,99.9887108,100,10
37129,New Hanover County,134371,100.0,100,10
37131,Northampton County,12698,99.9606237,100,10
37133,Onslow County,100168,100.0,100,10
37135,Orange County,70098,99.9942937,100,10
37137,Pamlico County,9085,100.0,100,10
37139,Pasquotank County,20618,100.0,100,10
37141,Pender County,38213,100.0,100,10
37143,Perquimans County,8414,100.0,100,10
37145,Person County,22065,100.0,100,10
37147,Pitt County,91630,100.0,100,10
37149,Polk County,14923,99.98659789999999,100,10
37151,Randolph County,71205,100.0,100,10
37153,Richmond County,23684,100.0,100,10
37155,Robeson County,67825,100.0,100,10
37157,Rockingham County,49692,100.0,100,10
37159,Rowan County,73530,100.0,100,10
37161,Rutherford County,40914,99.9877792,100,10
37163,Sampson County,33548,99.9821152,100,10
37165,Scotland County,17063,100.0,100,10
37167,Stanly County,33111,100.0,100,10
37169,Stokes County,25003,99.99600050000001,100,10
37171,Surry County,43005,100.0,100,10
37173,Swain County,10640,99.74624060000001,100,10
37175,Transylvania County,22656,99.9911723,100,10
37177,Tyrrell County,2411,100.0,100,10
37179,Union County,102365,100.0,100,10
37181,Vance County,23092,100.0,100,10
37183,Wake County,551788,100.0,100,10
37185,Warren County,14919,100.0,100,10
37187,Washington County,7577,100.0,100,10
37189,Watauga County,38393,100.0,100,10
37191,Wayne County,60014,100.0,100,10
37193,Wilkes County,40161,100.0,100,10
37195,Wilson County,42259,100.0,100,10
37197,Yadkin County,22161,100.0,100,10
37199,Yancey County,13743,100.0,100,10
42001,Adams County,48857,99.9877193,100,10
42003,Allegheny County,664665,99.99984950000001,100,10
42005,Armstrong County,36808,99.9945664,100,10
42007,Beaver County,88877,97.93309860000001,100,10
42009,Bedford County,27780,99.9892009,100,10
42011,Berks County,191084,99.99895330000001,100,10
42013,Blair County,64292,99.9968892,100,10
42015,Bradford County,33421,99.99102359999999,100,10
42017,Bucks County,288547,100.0,100,10
42019,Butler County,99040,99.9919225,100,10
42021,Cambria County,74474,99.9986572,100,10
42023,Cameron County,4473,100.0,100,10
42025,Carbon County,37403,100.0,100,10
42027,Centre County,76436,99.9921503,100,10
42029,Chester County,248247,99.9987915,100,10
42031,Clarion County,24561,99.983714,100,10
42033,Clearfield County,48844,99.9733847,100,10
42035,Clinton County,21518,100.0,100,10
42037,Columbia County,33608,99.9791716,100,10
42039,Crawford County,53232,99.9849714,100,10
42041,Cumberland County,126010,99.9984128,100,10
42043,Dauphin County,144219,100.0,100,10
42045,Delaware County,250219,100.0,100,10
42047,Elk County,19362,99.9948352,100,10
42049,Erie County,140348,99.98503720000001,100,10
42051,Fayette County,71385,99.990194,100,10
42053,Forest County,7842,100.0,100,10
42055,Franklin County,75670,99.9947139,100,10
42057,Fulton County,9713,100.0,100,10
42059,Greene County,21674,99.9953862,100,10
42061,Huntingdon County,27199,99.99264679999999,100,10
42063,Indiana County,42987,99.9720846,100,10
42065,Jefferson County,25289,99.9960457,100,10
42067,Juniata County,11645,99.99141259999999,100,10
42069,Lackawanna County,113371,99.9982359,100,10
42071,Lancaster County,244108,99.9975421,100,10
42073,Lawrence County,45328,99.99338159999999,100,10
42075,Lebanon County,65576,99.9984751,100,10
42077,Lehigh County,167976,100.0,100,10
42079,Luzerne County,167135,99.9994017,100,10
42081,Lycoming County,63617,99.9984281,100,10
42083,McKean County,23121,99.92214870000001,100,10
42085,Mercer County,57617,99.9895864,100,10
42087,Mifflin County,24266,99.98763699999999,100,10
42089,Monroe County,89209,99.9977581,100,10
42091,Montgomery County,387100,100.0,100,10
42093,Montour County,10131,99.9802586,100,10
42095,Northampton County,142055,100.0,100,10
42097,Northumberland County,50557,99.9920881,100,10
42099,Perry County,22225,99.98650169999999,100,10
42101,Philadelphia County,808405,100.0,100,10
42103,Pike County,45566,100.0,100,10
42105,Potter County,15491,100.0,100,10
42107,Schuylkill County,78615,99.9949119,100,10
42109,Snyder County,19504,99.9846185,100,10
42111,Somerset County,50174,99.9402081,100,10
42113,Sullivan County,6224,99.9839332,100,10
42115,Susquehanna County,29030,99.98277639999999,100,10
42117,Tioga County,25153,99.9920487,100,10
42119,Union County,19249,100.0,100,10
42121,Venango County,29809,99.9597437,100,10
42123,Warren County,24001,99.9583351,100,10
42125,Washington County,115901,99.9982744,100,10
42127,Wayne County,36558,99.9589693,100,10
42129,Westmoreland County,200353,97.89721139999999,100,10
42131,Wyoming County,15245,99.99344049999999,100,10
42133,York County,212188,99.9929308,100,10
45001,Abbeville County,13783,100.0,100,10
45003,Aiken County,91168,100.0,100,10
45005,Allendale County,5434,100.0,100,10
45007,Anderson County,110308,100.0,100,10
45009,Bamberg County,9244,100.0,100,10
45011,Barnwell County,13267,100.0,100,10
45013,Beaufort County,114780,100.0,100,10
45015,Berkeley County,118839,100.0,100,10
45017,Calhoun County,11090,100.0,100,10
45019,Charleston County,238598,99.9983235,100,10
45021,Cherokee County,27455,100.0,100,10
45023,Chester County,17720,100.0,100,10
45025,Chesterfield County,25669,100.0,100,10
45027,Clarendon County,21344,100.0,100,10
45029,Colleton County,23807,100.0,100,10
45031,Darlington County,40734,100.0,100,10
45033,Dillon County,20991,100.0,100,10
45035,Dorchester County,77773,100.0,100,10
45037,Edgefield County,16098,99.98136410000001,100,10
45039,Fairfield County,13179,100.0,100,10
45041,Florence County,75223,100.0,100,10
45043,Georgetown County,47413,100.0,100,10
45045,Greenville County,268261,99.99962719999999,100,10
45047,Greenwood County,36981,100.0,100,10
45049,Hampton County,11519,100.0,100,10
45051,Horry County,252423,100.0,100,10
45053,Jasper County,18513,100.0,100,10
45055,Kershaw County,37030,100.0,100,10
45057,Lancaster County,49974,100.0,100,10
45059,Laurens County,41103,100.0,100,10
45061,Lee County,10480,100.0,100,10
45063,Lexington County,149418,100.0,100,10
45065,McCormick County,7504,100.0,100,10
45067,Marion County,17872,100.0,100,10
45069,Marlboro County,17126,100.0,100,10
45071,Newberry County,21848,99.96338340000001,100,10
45073,Oconee County,49495,100.0,100,10
45075,Orangeburg County,50875,100.0,100,10
45077,Pickens County,69861,99.9914115,100,10
45079,Richland County,205312,100.0,100,10
45081,Saluda County,11959,100.0,100,10
45083,Spartanburg County,163382,99.9963276,100,10
45085,Sumter County,61490,100.0,100,10
45087,Union County,15749,100.0,100,10
45089,Williamsburg County,17907,100.0,100,10
45091,York County,140745,99.9978685,100,10
47001,Anderson County,40320,100.0,100,10
47003,Bedford County,23541,99.98300839999999,100,10
47005,Benton County,9759,100.0,100,10
47007,Bledsoe County,6863,100.0,100,10
47009,Blount County,67885,99.9985269,100,10
47011,Bradley County,50838,99.9921319,100,10
47013,Campbell County,23476,99.99574030000001,100,10
47015,Cannon County,7568,100.0,100,10
47017,Carroll County,15279,100.0,100,10
47019,Carter County,31293,99.9776308,100,10
47021,Cheatham County,19471,100.0,100,10
47023,Chester County,8544,100.0,100,10
47025,Claiborne County,18044,100.0,100,10
47027,Clay County,4930,100.0,100,10
47029,Cocke County,21017,99.9762097,100,10
47031,Coffee County,29160,100.0,100,10
47033,Crockett County,7246,100.0,100,10
47035,Cumberland County,35613,100.0,100,10
47037,Davidson County,424508,100.0,100,10
47039,Decatur County,7707,100.0,100,10
47041,DeKalb County,12050,100.0,100,10
47043,Dickson County,27016,100.0,100,10
47045,Dyer County,18974,100.0,100,10
47047,Fayette County,20708,100.0,100,10
47049,Fentress County,10854,100.0,100,10
47051,Franklin County,23116,100.0,100,10
47053,Gibson County,26122,100.0,100,10
47055,Giles County,16565,100.0,100,10
47057,Grainger County,13793,100.0,100,10
47059,Greene County,37759,100.0,100,10
47061,Grundy County,7518,100.0,100,10
47063,Hamblen County,32027,100.0,100,10
47065,Hamilton County,188570,99.9989394,100,10
47067,Hancock County,4386,100.0,100,10
47069,Hardeman County,12653,100.0,100,10
47071,Hardin County,17300,100.0,100,10
47073,Hawkins County,30935,100.0,100,10
47075,Haywood County,9369,100.0,100,10
47077,Henderson County,14948,100.0,100,10
47079,Henry County,20024,100.0,100,10
47081,Hickman County,12429,100.0,100,10
47083,Houston County,4612,100.0,100,10
47085,Humphreys County,10206,100.0,100,10
47087,Jackson County,6824,100.0,100,10
47089,Jefferson County,29444,100.0,100,10
47091,Johnson County,10220,99.9804305,100,10
47093,Knox County,241881,100.0,100,10
47095,Lake County,2993,100.0,100,10
47097,Lauderdale County,12365,100.0,100,10
47099,Lawrence County,21793,99.9954114,100,10
47101,Lewis County,6606,100.0,100,10
47103,Lincoln County,18819,99.9893724,100,10
47105,Loudon County,29704,99.9899004,100,10
47107,McMinn County,27614,99.9818932,100,10
47109,McNairy County,14143,100.0,100,10
47111,Macon County,12981,100.0,100,10
47113,Madison County,50460,100.0,100,10
47115,Marion County,16275,100.0,100,10
47117,Marshall County,16531,99.98790149999999,100,10
47119,Maury County,53415,99.9943836,100,10
47121,Meigs County,7177,100.0,100,10
47123,Monroe County,24371,99.9917935,100,10
47125,Montgomery County,106775,100.0,100,10
47127,Moore County,3412,100.0,100,10
47129,Morgan County,9771,100.0,100,10
47131,Obion County,16958,100.0,100,10
47133,Overton County,12084,100.0,100,10
47135,Perry County,5643,100.0,100,10
47137,Pickett County,4065,100.0,100,10
47139,Polk County,10318,100.0,100,10
47141,Putnam County,42066,100.0,100,10
47143,Rhea County,17757,99.98310529999999,100,10
47145,Roane County,28535,99.98948659999999,100,10
47147,Robertson County,33922,100.0,100,10
47149,Rutherford County,153633,100.0,100,10
47151,Scott County,11467,100.0,100,10
47153,Sequatchie County,7792,100.0,100,10
47155,Sevier County,69940,99.9957106,100,10
47157,Shelby County,442767,100.0,100,10
47159,Smith County,10400,100.0,100,10
47161,Stewart County,7687,100.0,100,10
47163,Sullivan County,86731,100.0,100,10
47165,Sumner County,92791,100.0,100,10
47167,Tipton County,27161,100.0,100,10
47169,Trousdale County,4605,100.0,100,10
47171,Unicoi County,9825,100.0,100,10
47173,Union County,11295,100.0,100,10
47175,Van Buren County,3524,100.0,100,10
47177,Warren County,21375,100.0,100,10
47179,Washington County,70865,99.9745996,100,10
47181,Wayne County,8320,99.9879808,100,10
47183,Weakley County,17523,100.0,100,10
47185,White County,14387,100.0,100,10
47187,Williamson County,107023,100.0,100,10
47189,Wilson County,71106,100.0,100,10
51001,Accomack County,26344,100.0,100,10
51003,Albemarle County,54741,99.9360625,100,10
51005,Alleghany County,9528,100.0,100,10
51007,Amelia County,6960,100.0,100,10
51009,Amherst County,15724,99.9936403,100,10
51011,Appomattox County,9179,99.98910559999999,100,10
51013,Arlington County,123693,100.0,100,10
51015,Augusta County,37389,99.9866271,100,10
51017,Bath County,3867,100.0,100,10
51019,Bedford County,44637,100.0,100,10
51021,Bland County,4124,99.9757517,100,10
51023,Botetourt County,16735,99.9820735,100,10
51025,Brunswick County,10048,99.9800955,100,10
51027,Buchanan County,12097,99.9504009,100,10
51029,Buckingham County,9525,100.0,100,10
51031,Campbell County,30516,99.996723,100,10
51033,Caroline County,14560,99.9862637,100,10
51035,Carroll County,21947,99.9863307,100,10
51036,Charles City County,3798,100.0,100,10
51037,Charlotte County,8144,99.987721,100,10
51041,Chesterfield County,157945,100.0,100,10
51043,Clarke County,7652,99.8039728,100,10
51045,Craig County,3376,99.8518957,100,10
51047,Culpeper County,22256,99.9281093,100,10
51049,Cumberland County,5646,99.9822883,100,10
51051,Dickenson County,10016,100.0,100,10
51053,Dinwiddie County,13510,99.9703923,100,10
51057,Essex County,6807,100.0,100,10
51059,Fairfax County,497950,99.9997992,100,10
51061,Fauquier County,31981,99.9093212,100,10
51063,Floyd County,10539,100.0,100,10
51065,Fluvanna County,12697,99.9921241,100,10
51067,Franklin County,32896,99.9604815,100,10
51069,Frederick County,43015,99.96977799999999,100,10
51071,Giles County,10062,100.0,100,10
51073,Gloucester County,19419,99.9948504,100,10
51075,Goochland County,12772,99.9765111,100,10
51077,Grayson County,11138,99.9910217,100,10
51079,Greene County,9588,99.97914060000001,100,10
51081,Greensville County,4740,99.978903,100,10
51083,Halifax County,23067,100.0,100,10
51085,Hanover County,49895,99.9198316,100,10
51087,Henrico County,165516,100.0,100,10
51089,Henry County,30802,99.9902604,100,10
51091,Highland County,2379,99.2433796,100,10
51093,Isle of Wight County,19566,100.0,100,10
51095,James City County,40564,100.0,100,10
51097,King and Queen County,4075,100.0,100,10
51099,King George County,12324,99.967543,100,10
51101,King William County,8895,100.0,100,10
51103,Lancaster County,8868,100.0,100,10
51105,Lee County,14620,100.0,100,10
51107,Loudoun County,173441,99.9607936,100,10
51109,Louisa County,20246,99.960486,100,10
51111,Lunenburg County,7128,100.0,100,10
51113,Madison County,8022,99.8379456,100,10
51115,Mathews County,6201,100.0,100,10
51117,Mecklenburg County,23992,99.9833278,100,10
51119,Middlesex County,8809,99.988648,100,10
51121,Montgomery County,50598,99.9426855,100,10
51125,Nelson County,10724,100.0,100,10
51127,New Kent County,11325,99.9381898,100,10
51131,Northampton County,8958,99.9665104,100,10
51133,Northumberland County,10354,99.9710257,100,10
51135,Nottoway County,8893,100.0,100,10
51137,Orange County,17969,99.98886970000001,100,10
51139,Page County,14695,99.9455597,100,10
51141,Patrick County,13300,99.9699248,100,10
51143,Pittsylvania County,33887,99.991147,100,10
51145,Powhatan County,13191,99.99241909999999,100,10
51147,Prince Edward County,11717,100.0,100,10
51149,Prince George County,14895,99.9932863,100,10
51153,Prince William County,171831,100.0,100,10
51155,Pulaski County,19836,99.96471059999999,100,10
51157,Rappahannock County,4535,99.5810364,100,10
51159,Richmond County,4548,100.0,100,10
51161,Roanoke County,46197,100.0,100,10
51163,Rockbridge County,13315,100.0,100,10
51165,Rockingham County,41456,99.975878,100,10
51167,Russell County,17684,99.95476140000001,100,10
51169,Scott County,15594,100.0,100,10
51171,Shenandoah County,25709,100.0,100,10
51173,Smyth County,18419,100.0,100,10
51175,Southampton County,9865,100.0,100,10
51177,Spotsylvania County,62142,99.9726433,100,10
51179,Stafford County,58852,100.0,100,10
51181,Surry County,4333,100.0,100,10
51183,Sussex County,5971,100.0,100,10
51185,Tazewell County,23739,100.0,100,10
51187,Warren County,19449,99.98457499999999,100,10
51191,Washington County,29834,100.0,100,10
51193,Westmoreland County,13225,99.9924386,100,10
51195,Wise County,21191,99.985843,100,10
51197,Wythe County,17385,99.9884958,100,10
51199,York County,33071,100.0,100,10
51510,Alexandria city,87721,100.0,100,10
51520,Bristol city,10071,100.0,100,10
51530,Buena Vista city,3142,100.0,100,10
51540,Charlottesville city,24905,100.0,100,10
51550,Chesapeake city,107943,100.0,100,10
51570,Colonial Heights city,9010,100.0,100,10
51580,Covington city,3726,100.0,100,10
51590,Danville city,26103,100.0,100,10
51595,Emporia city,3319,100.0,100,10
51600,Fairfax city,11317,100.0,100,10
51610,Falls Church city,7668,100.0,100,10
51620,Franklin city,4501,100.0,100,10
51630,Fredericksburg city,14631,100.0,100,10
51640,Galax city,4176,100.0,100,10
51650,Hampton city,66034,100.0,100,10
51660,Harrisonburg city,21084,100.0,100,10
51670,Hopewell city,11305,100.0,100,10
51678,Lexington city,3027,100.0,100,10
51680,Lynchburg city,38075,100.0,100,10
51683,Manassas city,19700,100.0,100,10
51685,Manassas Park city,6057,100.0,100,10
51690,Martinsville city,7733,100.0,100,10
51700,Newport News city,92785,100.0,100,10
51710,Norfolk city,110344,99.9972812,100,10
51720,Norton city,2184,100.0,100,10
51730,Petersburg city,19737,100.0,100,10
51735,Poquoson city,5342,100.0,100,10
51740,Portsmouth city,47126,100.0,100,10
51750,Radford city,6890,100.0,100,10
51760,Richmond city,125555,100.0,100,10
51770,Roanoke city,54596,100.0,100,10
51775,Salem city,12825,100.0,100,10
51790,Staunton city,13881,100.0,100,10
51800,Suffolk city,46886,100.0,100,10
51810,Virginia Beach city,211977,100.0,100,10
51820,Waynesboro city,11854,100.0,100,10
51830,Williamsburg city,7281,100.0,100,10
51840,Winchester city,15214,100.0,100,10
54001,Barbour County,9002,99.85558759999999,100,10
54003,Berkeley County,59960,99.9966644,100,10
54005,Boone County,11751,99.9234108,100,10
54007,Braxton County,8242,99.9514681,100,10
54009,Brooke County,12333,99.9918917,100,10
54011,Cabell County,51491,99.9980579,100,10
54013,Calhoun County,4314,99.9768197,100,10
54015,Clay County,5131,100.0,100,10
54017,Doddridge County,4540,100.0,100,10
54019,Fayette County,23052,99.991324,100,10
54021,Gilmer County,4137,99.9274837,100,10
54023,Grant County,7421,99.9865247,100,10
54025,Greenbrier County,21802,99.9954133,100,10
54027,Hampshire County,14634,99.9794998,100,10
54029,Hancock County,16118,100.0,100,10
54031,Hardy County,10220,100.0,100,10
54033,Harrison County,36374,99.9670094,100,10
54035,Jackson County,15851,99.9873825,100,10
54037,Jefferson County,27808,99.99280780000001,100,10
54039,Kanawha County,103547,99.9951713,100,10
54041,Lewis County,9745,99.9897383,100,10
54043,Lincoln County,11579,100.0,100,10
54045,Logan County,18404,100.0,100,10
54047,McDowell County,12901,100.0,100,10
54049,Marion County,30002,100.0,100,10
54051,Marshall County,17563,100.0,100,10
54053,Mason County,15189,100.0,100,10
54055,Mercer County,34700,99.9884726,100,10
54057,Mineral County,14498,100.0,100,10
54059,Mingo County,14980,100.0,100,10
54061,Monongalia County,56060,99.9928648,100,10
54063,Monroe County,8565,99.9416229,100,10
54065,Morgan County,10559,99.9431764,100,10
54067,Nicholas County,15601,100.0,100,10
54069,Ohio County,24415,99.9959042,100,10
54071,Pendleton County,6093,93.0576071,100,10
54073,Pleasants County,4004,100.0,100,10
54075,Pocahontas County,8069,88.9081671,100,10
54077,Preston County,19329,99.9741321,100,10
54079,Putnam County,28663,99.98953350000001,100,10
54081,Raleigh County,41005,99.9951225,100,10
54083,Randolph County,15834,99.8989516,100,10
54085,Ritchie County,6472,100.0,100,10
54087,Roane County,9139,100.0,100,10
54089,Summers County,8218,100.0,100,10
54091,Taylor County,8605,99.9535154,100,10
54093,Tucker County,5773,100.0,100,10
54095,Tyler County,5299,100.0,100,10
54097,Upshur County,13547,100.0,100,10
54099,Wayne County,22267,100.0,100,10
54101,Webster County,5531,100.0,100,10
54103,Wetzel County,9212,100.0,100,10
54105,Wirt County,3732,100.0,100,10
54107,Wood County,47180,100.0,100,10
54109,Wyoming County,12248,100.0,100,10
